,Model,num_correct,num_correct_percent,num_incorrect,num_incorrect_percent,training_time
0,Model_11_S9_R9_2020-04-05_18-41-04,11034,0.8736342042755344,1596,0.12636579572446555,422.65864189999996
