,Model,num_correct,num_correct_percent,num_incorrect,num_incorrect_percent,training_time
0,Model_11_S1_R4_2020-04-04_22-25-48,10092,0.7990498812351544,2538,0.20095011876484561,434.11711929999996
