,Model,num_correct,num_correct_percent,num_incorrect,num_incorrect_percent,training_time
0,Model_50_S19_R0_2020-04-07_13-43-49,11509,0.911243072050673,1121,0.088756927949327,495.30103460000004
