,Model,num_correct,num_correct_percent,num_incorrect,num_incorrect_percent,training_time
0,Model_51_S1_R18_2020-04-09_14-22-33,11240,0.889944576405384,1390,0.110055423594616,401.06698240000003
