,Model,num_correct,num_correct_percent,num_incorrect,num_incorrect_percent,training_time
0,Model_11_S10_R14_2020-04-06_14-07-39,11311,0.8955661124307205,1319,0.10443388756927949,527.0146365999999
