,Model,num_correct,num_correct_percent,num_incorrect,num_incorrect_percent,training_time
0,Model_11_S27_R18_2020-04-07_07-33-29,11409,0.9033254156769597,1221,0.09667458432304038,348.83822829999997
