,Model,num_correct,num_correct_percent,num_incorrect,num_incorrect_percent,training_time
0,Model_11_S17_R5_2020-04-05_04-02-46,11450,0.9065716547901821,1180,0.0934283452098179,264.43478220000003
