,Model,num_correct,num_correct_percent,num_incorrect,num_incorrect_percent,training_time
0,Model_11_S4_R7_2020-04-05_09-57-53,10954,0.8673000791765637,1676,0.13269992082343626,439.23924420000003
