,Model,num_correct,num_correct_percent,num_incorrect,num_incorrect_percent,training_time
0,Model_50_S18_R7_2020-04-07_08-00-04,11296,0.8943784639746635,1334,0.1056215360253365,225.87376690000002
