,Model,num_correct,num_correct_percent,num_incorrect,num_incorrect_percent,training_time
0,Model_12_S5_R29_2020-04-09_05-22-54,11109,0.8795724465558195,1521,0.12042755344418052,197.07880989999998
