,Model,num_correct,num_correct_percent,num_incorrect,num_incorrect_percent,training_time
0,Model_11_S30_R8_2020-04-05_16-49-17,720,0.057007125890736345,11910,0.9429928741092637,170.94466409999998
