,Model,num_correct,num_correct_percent,num_incorrect,num_incorrect_percent,training_time
0,Model_52_S1_R26_2020-04-09_13-34-06,11421,0.9042755344418052,1209,0.09572446555819478,346.45428949999996
