,Model,num_correct,num_correct_percent,num_incorrect,num_incorrect_percent,training_time
0,Model_50_S13_R8_2020-04-08_15-10-41,11517,0.91187648456057,1113,0.08812351543942992,443.32487760000004
