,Model,num_correct,num_correct_percent,num_incorrect,num_incorrect_percent,training_time
0,Model_11_S17_R1_2020-04-04_13-07-17,11180,0.885193982581156,1450,0.11480601741884403,241.37608609999998
