,Model,num_correct,num_correct_percent,num_incorrect,num_incorrect_percent,training_time
0,Model_11_S11_R25_2020-04-08_10-37-09,11513,0.9115597783056215,1117,0.08844022169437847,527.4567364999999
