,Model,num_correct,num_correct_percent,num_incorrect,num_incorrect_percent,training_time
0,Model_50_S27_R13_2020-04-08_04-44-58,11608,0.9190815518606492,1022,0.08091844813935076,432.98302839999997
