,Model,num_correct,num_correct_percent,num_incorrect,num_incorrect_percent,training_time
0,Model_11_S27_R22_2020-04-07_23-32-54,11488,0.9095803642121932,1142,0.0904196357878068,465.21258350000005
