,Model,num_correct,num_correct_percent,num_incorrect,num_incorrect_percent,training_time
0,Model_50_S17_R2_2020-04-07_20-49-17,11513,0.9115597783056215,1117,0.08844022169437847,248.83318780000002
