,Model,num_correct,num_correct_percent,num_incorrect,num_incorrect_percent,training_time
0,Model_50_S15_R4_2020-04-06_22-53-51,11433,0.9052256532066508,1197,0.09477434679334917,377.79984379999996
