,Model,num_correct,num_correct_percent,num_incorrect,num_incorrect_percent,training_time
0,Model_53_S1_R8_2020-04-09_12-59-24,11701,0.9264449722882027,929,0.07355502771179731,459.36232509999996
