,Model,num_correct,num_correct_percent,num_incorrect,num_incorrect_percent,training_time
0,Model_50_S20_R7_2020-04-07_08-08-35,11524,0.91243072050673,1106,0.08756927949327,446.89135999999996
