,Model,num_correct,num_correct_percent,num_incorrect,num_incorrect_percent,training_time
0,Model_50_S28_R18_2020-04-08_22-17-40,11583,0.9171021377672209,1047,0.0828978622327791,569.2451831999999
