,Model,num_correct,num_correct_percent,num_incorrect,num_incorrect_percent,training_time
0,Model_11_S7_R24_2020-04-08_05-50-57,10746,0.8508313539192399,1884,0.14916864608076008,546.4098631999999
