,Model,num_correct,num_correct_percent,num_incorrect,num_incorrect_percent,training_time
0,Model_50_S25_R9_2020-04-07_15-11-00,11533,0.9131433095803642,1097,0.08685669041963578,459.05860210000003
