,Model,num_correct,num_correct_percent,num_incorrect,num_incorrect_percent,training_time
0,Model_25_S1_R20_2020-04-07_04-04-15,11101,0.8789390340459224,1529,0.12106096595407759,421.30360179999997
