,Model,num_correct,num_correct_percent,num_incorrect,num_incorrect_percent,training_time
0,Model_50_S24_R2_2020-04-06_17-55-04,11591,0.917735550277118,1039,0.08226444972288202,443.87022110000004
