,Model,num_correct,num_correct_percent,num_incorrect,num_incorrect_percent,training_time
0,Model_50_S25_R19_2020-04-09_01-39-24,11604,0.9187648456057007,1026,0.08123515439429929,422.42850580000004
