,Model,num_correct,num_correct_percent,num_incorrect,num_incorrect_percent,training_time
0,Model_12_S4_R9_2020-04-05_21-29-56,11317,0.8960411718131434,1313,0.10395882818685669,250.29445859999998
