,Model,num_correct,num_correct_percent,num_incorrect,num_incorrect_percent,training_time
0,Model_12_S4_R7_2020-04-05_13-11-09,11397,0.902375296912114,1233,0.09762470308788598,296.29768559999997
