,Model,num_correct,num_correct_percent,num_incorrect,num_incorrect_percent,training_time
0,Model_50_S26_R8_2020-04-08_16-37-26,11338,0.8977038796516231,1292,0.10229612034837689,428.94187669999997
