,Model,num_correct,num_correct_percent,num_incorrect,num_incorrect_percent,training_time
0,Model_52_S1_R6_2020-04-09_11-57-32,11297,0.8944576405384006,1333,0.10554235946159937,386.00651139999997
