,Model,num_correct,num_correct_percent,num_incorrect,num_incorrect_percent,training_time
0,Model_11_S26_R4_2020-04-05_01-06-45,11368,0.9000791765637371,1262,0.09992082343626287,419.75915530000003
