,Model,num_correct,num_correct_percent,num_incorrect,num_incorrect_percent,training_time
0,Model_50_S19_R1_2020-04-06_14-24-57,11515,0.9117181314330958,1115,0.08828186856690419,442.96396899999996
