,Model,num_correct,num_correct_percent,num_incorrect,num_incorrect_percent,training_time
0,Model_11_S22_R23_2020-04-08_03-28-02,11443,0.9060174188440222,1187,0.09398258115597784,481.51509610000005
