,Model,num_correct,num_correct_percent,num_incorrect,num_incorrect_percent,training_time
0,Model_11_S26_R16_2020-04-06_23-33-02,11485,0.9093428345209817,1145,0.09065716547901821,466.08192479999997
