,Model,num_correct,num_correct_percent,num_incorrect,num_incorrect_percent,training_time
0,Model_24_S1_R4_2020-04-06_14-27-10,11386,0.9015043547110055,1244,0.09849564528899446,323.65895470000004
