,Model,num_correct,num_correct_percent,num_incorrect,num_incorrect_percent,training_time
0,Model_12_S5_R16_2020-04-07_00-35-20,11329,0.8969912905779889,1301,0.10300870942201108,192.65424720000001
