,Model,num_correct,num_correct_percent,num_incorrect,num_incorrect_percent,training_time
0,Model_50_S2_R5_2020-04-07_00-41-38,11233,0.889390340459224,1397,0.11060965954077594,252.54789939999998
