,Model,num_correct,num_correct_percent,num_incorrect,num_incorrect_percent,training_time
0,Model_50_S30_R0_2020-04-07_14-57-46,11644,0.9219319081551861,986,0.07806809184481393,490.28731109999995
