,Model,num_correct,num_correct_percent,num_incorrect,num_incorrect_percent,training_time
0,Model_11_S22_R10_2020-04-06_00-19-01,11457,0.9071258907363421,1173,0.09287410926365795,323.20382390000003
