,Model,num_correct,num_correct_percent,num_incorrect,num_incorrect_percent,training_time
0,Model_50_S21_R4_2020-04-08_03-13-50,11483,0.9091844813935075,1147,0.09081551860649248,275.75742909999997
