,Model,num_correct,num_correct_percent,num_incorrect,num_incorrect_percent,training_time
0,Model_53_S1_R24_2020-04-09_12-47-08,11690,0.9255740300870943,940,0.07442596991290577,448.93817520000005
