,Model,num_correct,num_correct_percent,num_incorrect,num_incorrect_percent,training_time
0,Model_50_S4_R3_2020-04-07_22-44-01,11326,0.8967537608867775,1304,0.10324623911322249,242.07268910000002
