,Model,num_correct,num_correct_percent,num_incorrect,num_incorrect_percent,training_time
0,Model_11_S22_R16_2020-04-06_23-13-53,11522,0.9122723673792558,1108,0.08772763262074426,391.95951660000003
