,Model,num_correct,num_correct_percent,num_incorrect,num_incorrect_percent,training_time
0,Model_21_S1_R3_2020-04-06_13-15-49,11283,0.8933491686460807,1347,0.10665083135391924,248.96894930000002
