,Model,num_correct,num_correct_percent,num_incorrect,num_incorrect_percent,training_time
0,Model_22_S1_R22_2020-04-07_05-21-48,11364,0.8997624703087886,1266,0.1002375296912114,392.83703349999996
