,Model,num_correct,num_correct_percent,num_incorrect,num_incorrect_percent,training_time
0,Model_50_S21_R4_2020-04-06_23-31-51,11510,0.9113222486144101,1120,0.08867775138558986,294.96173830000004
