,Model,num_correct,num_correct_percent,num_incorrect,num_incorrect_percent,training_time
0,Model_50_S20_R17_2020-04-08_17-45-59,11551,0.9145684877276327,1079,0.08543151227236738,523.8062054999999
