,Model,num_correct,num_correct_percent,num_incorrect,num_incorrect_percent,training_time
0,Model_11_S1_R22_2020-04-07_20-44-26,9623,0.7619160728424387,3007,0.23808392715756135,474.33239430000003
