,Model,num_correct,num_correct_percent,num_incorrect,num_incorrect_percent,training_time
0,Model_50_S20_R8_2020-04-07_11-16-34,11648,0.9222486144101346,982,0.0777513855898654,460.86167850000004
