,Model,num_correct,num_correct_percent,num_incorrect,num_incorrect_percent,training_time
0,Model_53_S1_R0_2020-04-09_09-29-14,11326,0.8967537608867775,1304,0.10324623911322249,331.78980559999997
