,Model,num_correct,num_correct_percent,num_incorrect,num_incorrect_percent,training_time
0,Model_11_S3_R10_2020-04-05_22-02-06,10711,0.8480601741884403,1919,0.1519398258115598,498.98316669999997
