,Model,num_correct,num_correct_percent,num_incorrect,num_incorrect_percent,training_time
0,Model_11_S8_R7_2020-04-05_10-27-36,11191,0.8860649247822644,1439,0.11393507521773555,438.98908270000004
