,Model,num_correct,num_correct_percent,num_incorrect,num_incorrect_percent,training_time
0,Model_50_S28_R0_2020-04-07_14-42-20,11619,0.9199524940617577,1011,0.08004750593824228,426.87016919999996
