,Model,num_correct,num_correct_percent,num_incorrect,num_incorrect_percent,training_time
0,Model_11_S12_R29_2020-04-09_03-00-33,9536,0.755027711797308,3094,0.244972288202692,190.62657040000002
