,Model,num_correct,num_correct_percent,num_incorrect,num_incorrect_percent,training_time
0,Model_11_S12_R4_2020-04-04_23-43-53,8944,0.7081551860649248,3686,0.2918448139350752,180.78937539999998
