,Model,num_correct,num_correct_percent,num_incorrect,num_incorrect_percent,training_time
0,Model_50_S12_R7_2020-04-08_11-46-35,11406,0.9030878859857482,1224,0.09691211401425179,307.05953789999995
