,Model,num_correct,num_correct_percent,num_incorrect,num_incorrect_percent,training_time
0,Model_11_S24_R10_2020-04-06_00-29-14,2000,0.1583531274742676,10630,0.8416468725257323,154.78098160000002
