,Model,num_correct,num_correct_percent,num_incorrect,num_incorrect_percent,training_time
0,Model_50_S24_R5_2020-04-08_06-29-39,11470,0.9081551860649247,1160,0.09184481393507522,364.51646800000003
