,Model,num_correct,num_correct_percent,num_incorrect,num_incorrect_percent,training_time
0,Model_11_S7_R7_2020-04-05_10-20-16,10810,0.8558986539984165,1820,0.14410134600158353,431.70891389999997
