,Model,num_correct,num_correct_percent,num_incorrect,num_incorrect_percent,training_time
0,Model_50_S25_R9_2020-04-08_19-44-28,11564,0.9155977830562153,1066,0.08440221694378464,363.80274959999997
