,Model,num_correct,num_correct_percent,num_incorrect,num_incorrect_percent,training_time
0,Model_12_S4_R24_2020-04-08_08-56-00,11533,0.9131433095803642,1097,0.08685669041963578,301.11621460000003
