,Model,num_correct,num_correct_percent,num_incorrect,num_incorrect_percent,training_time
0,Model_50_S26_R3_2020-04-06_21-06-00,11509,0.911243072050673,1121,0.088756927949327,314.51081400000004
