,Model,num_correct,num_correct_percent,num_incorrect,num_incorrect_percent,training_time
0,Model_0_S1_R27_2020-04-08_17-07-14,11412,0.903562945368171,1218,0.09643705463182897,516.3307361000001
