,Model,num_correct,num_correct_percent,num_incorrect,num_incorrect_percent,training_time
0,Model_11_S12_R20_2020-04-07_14-14-14,8678,0.6870942201108472,3952,0.3129057798891528,162.87276770000003
