,Model,num_correct,num_correct_percent,num_incorrect,num_incorrect_percent,training_time
0,Model_50_S19_R9_2020-04-08_19-04-03,11555,0.9148851939825812,1075,0.08511480601741885,522.7013344000001
