,Model,num_correct,num_correct_percent,num_incorrect,num_incorrect_percent,training_time
0,Model_27_S1_R11_2020-04-06_21-06-19,11057,0.8754552652414885,1573,0.12454473475851148,481.54886880000004
