,Model,num_correct,num_correct_percent,num_incorrect,num_incorrect_percent,training_time
0,Model_50_S26_R14_2020-04-08_07-38-02,11381,0.9011084718923199,1249,0.09889152810768012,268.50313639999996
