,Model,num_correct,num_correct_percent,num_incorrect,num_incorrect_percent,training_time
0,Model_50_S17_R0_2020-04-06_11-15-53,11506,0.9110055423594616,1124,0.0889944576405384,425.96698499999997
