,Model,num_correct,num_correct_percent,num_incorrect,num_incorrect_percent,training_time
0,Model_50_S27_R5_2020-04-07_03-02-31,11481,0.9090261282660332,1149,0.09097387173396675,399.03207380000003
