,Model,num_correct,num_correct_percent,num_incorrect,num_incorrect_percent,training_time
0,Model_50_S30_R10_2020-04-07_19-20-27,11555,0.9148851939825812,1075,0.08511480601741885,399.96854609999997
