,Model,num_correct,num_correct_percent,num_incorrect,num_incorrect_percent,training_time
0,Model_12_S4_R8_2020-04-05_17-23-02,11159,0.8835312747426761,1471,0.11646872525732384,207.52276120000002
