,Model,num_correct,num_correct_percent,num_incorrect,num_incorrect_percent,training_time
0,Model_50_S4_R6_2020-04-08_07-31-34,11585,0.9172604908946952,1045,0.08273950910530482,227.47317660000002
