,Model,num_correct,num_correct_percent,num_incorrect,num_incorrect_percent,training_time
0,Model_12_S5_R21_2020-04-07_20-34-08,11208,0.8874109263657958,1422,0.11258907363420427,179.98326110000002
