,Model,num_correct,num_correct_percent,num_incorrect,num_incorrect_percent,training_time
0,Model_11_S7_R4_2020-04-04_23-07-01,10604,0.8395882818685669,2026,0.1604117181314331,384.86604619999997
