,Model,num_correct,num_correct_percent,num_incorrect,num_incorrect_percent,training_time
0,Model_11_S7_R14_2020-04-06_13-42-25,10681,0.8456848772763262,1949,0.1543151227236738,517.9731720999999
