,Model,num_correct,num_correct_percent,num_incorrect,num_incorrect_percent,training_time
0,Model_50_S2_R17_2020-04-08_15-41-44,11334,0.8973871733966746,1296,0.10261282660332542,492.16257099999996
