,Model,num_correct,num_correct_percent,num_incorrect,num_incorrect_percent,training_time
0,Model_50_S21_R5_2020-04-07_02-27-48,11353,0.8988915281076801,1277,0.10110847189231988,322.13908200000003
