,Model,num_correct,num_correct_percent,num_incorrect,num_incorrect_percent,training_time
0,Model_50_S17_R3_2020-04-06_20-18-47,11445,0.9061757719714965,1185,0.09382422802850356,247.82022510000002
