,Model,num_correct,num_correct_percent,num_incorrect,num_incorrect_percent,training_time
0,Model_25_S1_R17_2020-04-07_01-35-59,11140,0.8820269200316706,1490,0.11797307996832937,422.26381319999996
