,Model,num_correct,num_correct_percent,num_incorrect,num_incorrect_percent,training_time
0,Model_50_S16_R2_2020-04-07_20-42-06,11321,0.8963578780680919,1309,0.10364212193190815,421.70385300000004
