,Model,num_correct,num_correct_percent,num_incorrect,num_incorrect_percent,training_time
0,Model_11_S17_R18_2020-04-07_06-29-40,11310,0.8954869358669834,1320,0.10451306413301663,398.22360710000004
