,Model,num_correct,num_correct_percent,num_incorrect,num_incorrect_percent,training_time
0,Model_26_S1_R29_2020-04-07_11-23-35,11497,0.9102929532858274,1133,0.08970704671417261,413.42245779999996
