,Model,num_correct,num_correct_percent,num_incorrect,num_incorrect_percent,training_time
0,Model_50_S25_R5_2020-04-08_06-35-52,11494,0.910055423594616,1136,0.089944576405384,440.51539310000004
