,Model,num_correct,num_correct_percent,num_incorrect,num_incorrect_percent,training_time
0,Model_11_S29_R4_2020-04-05_01-24-06,10570,0.8368962787015044,2060,0.16310372129849565,192.67485760000002
