,Model,num_correct,num_correct_percent,num_incorrect,num_incorrect_percent,training_time
0,Model_26_S1_R28_2020-04-07_10-35-15,11446,0.9062549485352336,1184,0.09374505146476643,416.45591709999997
