,Model,num_correct,num_correct_percent,num_incorrect,num_incorrect_percent,training_time
0,Model_11_S14_R16_2020-04-06_22-20-36,11353,0.8988915281076801,1277,0.10110847189231988,445.24339449999997
