,Model,num_correct,num_correct_percent,num_incorrect,num_incorrect_percent,training_time
0,Model_50_S4_R7_2020-04-08_10-53-43,11241,0.8900237529691212,1389,0.10997624703087885,481.90710889999997
