,Model,num_correct,num_correct_percent,num_incorrect,num_incorrect_percent,training_time
0,Model_50_S18_R0_2020-04-06_11-23-07,11242,0.8901029295328583,1388,0.10989707046714173,303.77338860000003
