,Model,num_correct,num_correct_percent,num_incorrect,num_incorrect_percent,training_time
0,Model_11_S6_R2_2020-04-04_15-34-27,11429,0.9049089469517023,1201,0.09509105304829771,329.88464689999995
