,Model,num_correct,num_correct_percent,num_incorrect,num_incorrect_percent,training_time
0,Model_54_S1_R11_2020-04-09_11-38-26,11006,0.8714172604908947,1624,0.12858273950910531,262.29440719999997
