,Model,num_correct,num_correct_percent,num_incorrect,num_incorrect_percent,training_time
0,Model_50_S2_R1_2020-04-06_12-52-19,11549,0.9144101346001584,1081,0.08558986539984165,291.08239760000004
