,Model,num_correct,num_correct_percent,num_incorrect,num_incorrect_percent,training_time
0,Model_11_S18_R21_2020-04-07_18-52-25,4001,0.31678543151227234,8629,0.6832145684877277,155.05086269999998
