,Model,num_correct,num_correct_percent,num_incorrect,num_incorrect_percent,training_time
0,Model_22_S1_R7_2020-04-06_16-51-06,11501,0.9106096595407759,1129,0.08939034045922407,377.72992239999996
