,Model,num_correct,num_correct_percent,num_incorrect,num_incorrect_percent,training_time
0,Model_21_S1_R8_2020-04-06_17-44-46,11511,0.9114014251781473,1119,0.08859857482185274,396.13958260000004
