,Model,num_correct,num_correct_percent,num_incorrect,num_incorrect_percent,training_time
0,Model_11_S15_R29_2020-04-09_03-20-35,11352,0.898812351543943,1278,0.101187648456057,494.29694309999996
