,Model,num_correct,num_correct_percent,num_incorrect,num_incorrect_percent,training_time
0,Model_11_S27_R10_2020-04-06_00-48-35,11607,0.9190023752969121,1023,0.08099762470308788,416.96117830000003
