,Model,num_correct,num_correct_percent,num_incorrect,num_incorrect_percent,training_time
0,Model_11_S26_R14_2020-04-06_15-46-32,11267,0.8920823436262866,1363,0.10791765637371338,290.37345270000003
