,Model,num_correct,num_correct_percent,num_incorrect,num_incorrect_percent,training_time
0,Model_50_S1_R12_2020-04-07_22-43-32,11352,0.898812351543943,1278,0.101187648456057,393.21974359999996
