,Model,num_correct,num_correct_percent,num_incorrect,num_incorrect_percent,training_time
0,Model_27_S1_R16_2020-04-07_00-56-17,720,0.057007125890736345,11910,0.9429928741092637,285.61606900000004
