,Model,num_correct,num_correct_percent,num_incorrect,num_incorrect_percent,training_time
0,Model_11_S25_R7_2020-04-05_12-09-11,11178,0.8850356294536817,1452,0.11496437054631829,446.01118030000004
