,Model,num_correct,num_correct_percent,num_incorrect,num_incorrect_percent,training_time
0,Model_22_S1_R11_2020-04-06_20-33-14,11400,0.9026128266033254,1230,0.09738717339667459,458.53864749999997
