,Model,num_correct,num_correct_percent,num_incorrect,num_incorrect_percent,training_time
0,Model_11_S1_R14_2020-04-06_12-55-46,9847,0.7796516231195566,2783,0.2203483768804434,458.70680269999997
