,Model,num_correct,num_correct_percent,num_incorrect,num_incorrect_percent,training_time
0,Model_50_S3_R16_2020-04-08_12-05-39,11531,0.9129849564528899,1099,0.08701504354711005,264.18345070000004
