,Model,num_correct,num_correct_percent,num_incorrect,num_incorrect_percent,training_time
0,Model_11_S24_R3_2020-04-04_21-10-06,1564,0.12383214568487727,11066,0.8761678543151227,140.65626600000002
