,Model,num_correct,num_correct_percent,num_incorrect,num_incorrect_percent,training_time
0,Model_11_S18_R7_2020-04-05_11-31-33,3468,0.27458432304038005,9162,0.72541567695962,156.96210470000003
