,Model,num_correct,num_correct_percent,num_incorrect,num_incorrect_percent,training_time
0,Model_11_S18_R29_2020-04-09_03-40-27,2058,0.16294536817102137,10572,0.8370546318289787,160.56390230000002
