,Model,num_correct,num_correct_percent,num_incorrect,num_incorrect_percent,training_time
0,Model_50_S17_R7_2020-04-08_12-23-55,11306,0.8951702296120349,1324,0.10482977038796516,365.15905349999997
