,Model,num_correct,num_correct_percent,num_incorrect,num_incorrect_percent,training_time
0,Model_11_S23_R20_2020-04-07_15-22-30,11277,0.892874109263658,1353,0.10712589073634204,240.43367930000002
