,Model,num_correct,num_correct_percent,num_incorrect,num_incorrect_percent,training_time
0,Model_11_S29_R12_2020-04-06_08-07-49,10493,0.8307996832937451,2137,0.16920031670625496,198.28101690000003
