,Model,num_correct,num_correct_percent,num_incorrect,num_incorrect_percent,training_time
0,Model_11_S30_R20_2020-04-07_16-05-31,720,0.057007125890736345,11910,0.9429928741092637,202.84634200000002
