,Model,num_correct,num_correct_percent,num_incorrect,num_incorrect_percent,training_time
0,Model_11_S18_R4_2020-04-05_00-20-12,4446,0.35201900237529693,8184,0.6479809976247031,149.10000380000002
