,Model,num_correct,num_correct_percent,num_incorrect,num_incorrect_percent,training_time
0,Model_12_S2_R14_2020-04-06_16-23-56,11412,0.903562945368171,1218,0.09643705463182897,569.0288314999999
