,Model,num_correct,num_correct_percent,num_incorrect,num_incorrect_percent,training_time
0,Model_11_S19_R11_2020-04-06_03-43-05,10964,0.8680918448139351,1666,0.1319081551860649,315.64824120000003
