,Model,num_correct,num_correct_percent,num_incorrect,num_incorrect_percent,training_time
0,Model_11_S29_R2_2020-04-04_17-57-22,10840,0.8582739509105305,1790,0.1417260490894695,165.12797970000003
