,Model,num_correct,num_correct_percent,num_incorrect,num_incorrect_percent,training_time
0,Model_11_S4_R1_2020-04-04_11-40-55,10955,0.8673792557403008,1675,0.13262074425969914,455.90247120000004
