,Model,num_correct,num_correct_percent,num_incorrect,num_incorrect_percent,training_time
0,Model_50_S17_R7_2020-04-07_07-53-21,11378,0.9008709422011085,1252,0.09912905779889153,395.38768450000003
