,Model,num_correct,num_correct_percent,num_incorrect,num_incorrect_percent,training_time
0,Model_11_S28_R4_2020-04-05_01-18-01,11391,0.9019002375296912,1239,0.09809976247030879,356.63934969999997
