,Model,num_correct,num_correct_percent,num_incorrect,num_incorrect_percent,training_time
0,Model_22_S1_R21_2020-04-07_04-33-04,11387,0.9015835312747427,1243,0.09841646872525732,427.32100729999996
