,Model,num_correct,num_correct_percent,num_incorrect,num_incorrect_percent,training_time
0,Model_12_S2_R9_2020-04-05_21-12-15,11313,0.8957244655581947,1317,0.10427553444180522,500.26708099999996
