,Model,num_correct,num_correct_percent,num_incorrect,num_incorrect_percent,training_time
0,Model_50_S14_R6_2020-04-07_04-47-04,11392,0.9019794140934283,1238,0.09802058590657166,271.19982070000003
