,Model,num_correct,num_correct_percent,num_incorrect,num_incorrect_percent,training_time
0,Model_11_S16_R5_2020-04-05_03-57-57,11233,0.889390340459224,1397,0.11060965954077594,281.58176180000004
