,Model,num_correct,num_correct_percent,num_incorrect,num_incorrect_percent,training_time
0,Model_50_S22_R6_2020-04-08_09-33-49,11567,0.9158353127474268,1063,0.08416468725257324,259.60898180000004
