,Model,num_correct,num_correct_percent,num_incorrect,num_incorrect_percent,training_time
0,Model_11_S18_R12_2020-04-06_06-55-27,750,0.05938242280285035,11880,0.9406175771971497,282.31985330000003
