,Model,num_correct,num_correct_percent,num_incorrect,num_incorrect_percent,training_time
0,Model_11_S29_R8_2020-04-05_16-46-04,10925,0.8650039588281868,1705,0.13499604117181313,183.88803900000002
