,Model,num_correct,num_correct_percent,num_incorrect,num_incorrect_percent,training_time
0,Model_50_S5_R7_2020-04-07_06-50-32,11576,0.9165479018210609,1054,0.08345209817893903,236.07540010000002
