,Model,num_correct,num_correct_percent,num_incorrect,num_incorrect_percent,training_time
0,Model_12_S1_R12_2020-04-06_08-15-56,10889,0.86215360253365,1741,0.13784639746634997,704.3236734999999
