,Model,num_correct,num_correct_percent,num_incorrect,num_incorrect_percent,training_time
0,Model_50_S4_R15_2020-04-08_08-29-38,11510,0.9113222486144101,1120,0.08867775138558986,494.01785359999997
