,Model,num_correct,num_correct_percent,num_incorrect,num_incorrect_percent,training_time
0,Model_11_S8_R16_2020-04-06_21-39-11,11259,0.8914489311163896,1371,0.10855106888361045,459.41777229999997
