,Model,num_correct,num_correct_percent,num_incorrect,num_incorrect_percent,training_time
0,Model_50_S21_R19_2020-04-09_01-16-29,11449,0.906492478226445,1181,0.09350752177355502,316.73568709999995
