,Model,num_correct,num_correct_percent,num_incorrect,num_incorrect_percent,training_time
0,Model_11_S13_R25_2020-04-08_10-50-07,10899,0.8629453681710214,1731,0.13705463182897862,584.4005142999999
