,Model,num_correct,num_correct_percent,num_incorrect,num_incorrect_percent,training_time
0,Model_11_S24_R4_2020-04-05_00-55-18,666,0.052731591448931116,11964,0.9472684085510689,222.08428560000002
