,Model,num_correct,num_correct_percent,num_incorrect,num_incorrect_percent,training_time
0,Model_11_S4_R22_2020-04-07_21-08-43,10700,0.8471892319873318,1930,0.15281076801266824,474.82823510000003
