,Model,num_correct,num_correct_percent,num_incorrect,num_incorrect_percent,training_time
0,Model_50_S27_R17_2020-04-08_18-33-39,11553,0.9147268408551069,1077,0.08527315914489311,341.89122349999997
