,Model,num_correct,num_correct_percent,num_incorrect,num_incorrect_percent,training_time
0,Model_11_S16_R26_2020-04-08_15-04-04,11399,0.9025336500395883,1231,0.09746634996041172,238.14910759999998
