,Model,num_correct,num_correct_percent,num_incorrect,num_incorrect_percent,training_time
0,Model_11_S11_R8_2020-04-05_14-43-43,11539,0.913618368962787,1091,0.08638163103721298,513.6059727999999
