,Model,num_correct,num_correct_percent,num_incorrect,num_incorrect_percent,training_time
0,Model_11_S9_R15_2020-04-06_18-01-56,11115,0.8800475059382423,1515,0.11995249406175772,483.00097139999997
