,Model,num_correct,num_correct_percent,num_incorrect,num_incorrect_percent,training_time
0,Model_11_S25_R18_2020-04-07_07-16-57,11251,0.8908155186064924,1379,0.10918448139350752,488.70860220000003
