,Model,num_correct,num_correct_percent,num_incorrect,num_incorrect_percent,training_time
0,Model_50_S1_R17_2020-04-08_15-33-43,11324,0.8965954077593032,1306,0.10340459224069676,471.13985490000005
