,Model,num_correct,num_correct_percent,num_incorrect,num_incorrect_percent,training_time
0,Model_11_S22_R6_2020-04-05_08-16-56,11352,0.898812351543943,1278,0.101187648456057,310.03443039999996
