,Model,num_correct,num_correct_percent,num_incorrect,num_incorrect_percent,training_time
0,Model_50_S25_R0_2020-04-06_12-06-24,11490,0.9097387173396675,1140,0.09026128266033254,463.91713550000003
