,Model,num_correct,num_correct_percent,num_incorrect,num_incorrect_percent,training_time
0,Model_11_S12_R3_2020-04-04_20-03-20,9169,0.7259699129057798,3461,0.2740300870942201,156.58567150000002
