,Model,num_correct,num_correct_percent,num_incorrect,num_incorrect_percent,training_time
0,Model_50_S27_R7_2020-04-07_08-52-44,11485,0.9093428345209817,1145,0.09065716547901821,317.05388999999997
