,Model,num_correct,num_correct_percent,num_incorrect,num_incorrect_percent,training_time
0,Model_50_S16_R8_2020-04-08_15-29-11,11344,0.8981789390340459,1286,0.10182106096595407,453.51082119999995
