,Model,num_correct,num_correct_percent,num_incorrect,num_incorrect_percent,training_time
0,Model_11_S9_R20_2020-04-07_13-55-30,11155,0.8832145684877276,1475,0.11678543151227237,238.73527860000002
