,Model,num_correct,num_correct_percent,num_incorrect,num_incorrect_percent,training_time
0,Model_11_S8_R26_2020-04-08_14-15-12,11037,0.8738717339667459,1593,0.12612826603325417,488.12293220000004
