,Model,num_correct,num_correct_percent,num_incorrect,num_incorrect_percent,training_time
0,Model_50_S27_R0_2020-04-06_12-21-15,11348,0.8984956452889945,1282,0.10150435471100554,311.55749610000004
