,Model,num_correct,num_correct_percent,num_incorrect,num_incorrect_percent,training_time
0,Model_11_S29_R28_2020-04-09_00-35-13,10760,0.8519398258115598,1870,0.14806017418844022,208.72969510000001
