,Model,num_correct,num_correct_percent,num_incorrect,num_incorrect_percent,training_time
0,Model_11_S2_R21_2020-04-07_16-53-03,10608,0.8399049881235154,2022,0.16009501187648456,529.1141799999999
