,Model,num_correct,num_correct_percent,num_incorrect,num_incorrect_percent,training_time
0,Model_11_S18_R28_2020-04-08_23-27-22,4466,0.3536025336500396,8164,0.6463974663499604,155.40669269999998
