,Model,num_correct,num_correct_percent,num_incorrect,num_incorrect_percent,training_time
0,Model_50_S20_R16_2020-04-08_14-06-34,11589,0.9175771971496437,1041,0.08242280285035629,459.30132580000003
