,Model,num_correct,num_correct_percent,num_incorrect,num_incorrect_percent,training_time
0,Model_11_S3_R29_2020-04-09_01-50-38,10693,0.8466349960411718,1937,0.15336500395882818,536.9549006999999
