,Model,num_correct,num_correct_percent,num_incorrect,num_incorrect_percent,training_time
0,Model_24_S1_R24_2020-04-07_07-04-05,10741,0.8504354711005543,1889,0.14956452889944577,424.84607539999996
