,Model,num_correct,num_correct_percent,num_incorrect,num_incorrect_percent,training_time
0,Model_25_S1_R11_2020-04-06_20-53-15,11112,0.8798099762470308,1518,0.12019002375296912,432.51084990000004
