,Model,num_correct,num_correct_percent,num_incorrect,num_incorrect_percent,training_time
0,Model_12_S2_R4_2020-04-05_01-44-17,11477,0.9087094220110847,1153,0.09129057798891528,651.3522419999999
