,Model,num_correct,num_correct_percent,num_incorrect,num_incorrect_percent,training_time
0,Model_11_S9_R2_2020-04-04_15-54-57,11184,0.8855106888361045,1446,0.11448931116389549,450.79997560000004
