,Model,num_correct,num_correct_percent,num_incorrect,num_incorrect_percent,training_time
0,Model_50_S26_R2_2020-04-07_21-50-55,11318,0.8961203483768805,1312,0.10387965162311956,318.88984469999997
