,Model,num_correct,num_correct_percent,num_incorrect,num_incorrect_percent,training_time
0,Model_20_S1_R0_2020-04-06_10-24-03,11306,0.8951702296120349,1324,0.10482977038796516,401.23943410000004
