,Model,num_correct,num_correct_percent,num_incorrect,num_incorrect_percent,training_time
0,Model_25_S1_R25_2020-04-07_07-58-57,11099,0.8787806809184482,1531,0.12121931908155185,418.71745830000003
