,Model,num_correct,num_correct_percent,num_incorrect,num_incorrect_percent,training_time
0,Model_50_S13_R5_2020-04-08_05-23-38,11357,0.8992082343626286,1273,0.10079176563737134,297.39629729999996
