,Model,num_correct,num_correct_percent,num_incorrect,num_incorrect_percent,training_time
0,Model_12_S4_R21_2020-04-07_20-31-02,11336,0.8975455265241489,1294,0.10245447347585115,177.12942410000002
