,Model,num_correct,num_correct_percent,num_incorrect,num_incorrect_percent,training_time
0,Model_11_S11_R2_2020-04-04_16-10-16,11552,0.9146476642913698,1078,0.08535233570863024,422.89373309999996
