,Model,num_correct,num_correct_percent,num_incorrect,num_incorrect_percent,training_time
0,Model_11_S23_R19_2020-04-07_11-31-33,11107,0.8794140934283452,1523,0.12058590657165479,193.10449630000002
