,Model,num_correct,num_correct_percent,num_incorrect,num_incorrect_percent,training_time
0,Model_11_S21_R17_2020-04-07_03-04-41,11196,0.8864608076009501,1434,0.11353919239904989,479.80070040000004
