,Model,num_correct,num_correct_percent,num_incorrect,num_incorrect_percent,training_time
0,Model_11_S8_R2_2020-04-04_15-47-28,11087,0.8778305621536026,1543,0.12216943784639747,441.24041170000004
