,Model,num_correct,num_correct_percent,num_incorrect,num_incorrect_percent,training_time
0,Model_50_S17_R8_2020-04-07_10-53-54,11382,0.901187648456057,1248,0.098812351543943,426.24782860000005
