,Model,num_correct,num_correct_percent,num_incorrect,num_incorrect_percent,training_time
0,Model_11_S7_R8_2020-04-05_14-14-00,10793,0.8545526524148852,1837,0.1454473475851148,477.91179259999996
