,Model,num_correct,num_correct_percent,num_incorrect,num_incorrect_percent,training_time
0,Model_11_S5_R27_2020-04-08_17-49-26,11119,0.8803642121931908,1511,0.11963578780680918,477.32758179999996
