,Model,num_correct,num_correct_percent,num_incorrect,num_incorrect_percent,training_time
0,Model_50_S27_R7_2020-04-08_13-27-08,11405,0.9030087094220111,1225,0.09699129057798891,323.29175050000003
