,Model,num_correct,num_correct_percent,num_incorrect,num_incorrect_percent,training_time
0,Model_11_S28_R21_2020-04-07_19-53-16,11233,0.889390340459224,1397,0.11060965954077594,439.71262579999996
