,Model,num_correct,num_correct_percent,num_incorrect,num_incorrect_percent,training_time
0,Model_50_S20_R15_2020-04-08_10-26-05,11388,0.9016627078384798,1242,0.09833729216152019,503.62394439999997
