,Model,num_correct,num_correct_percent,num_incorrect,num_incorrect_percent,training_time
0,Model_50_S13_R2_2020-04-07_20-21-25,11320,0.8962787015043547,1310,0.10372129849564529,286.50055399999997
