,Model,num_correct,num_correct_percent,num_incorrect,num_incorrect_percent,training_time
0,Model_22_S1_R6_2020-04-06_15-58-00,11414,0.9037212984956453,1216,0.0962787015043547,473.67761779999995
