,Model,num_correct,num_correct_percent,num_incorrect,num_incorrect_percent,training_time
0,Model_20_S1_R26_2020-04-07_08-16-55,11532,0.913064133016627,1098,0.08693586698337293,453.60332359999995
