,Model,num_correct,num_correct_percent,num_incorrect,num_incorrect_percent,training_time
0,Model_11_S22_R25_2020-04-08_11-52-51,11470,0.9081551860649247,1160,0.09184481393507522,462.83157839999996
