,Model,num_correct,num_correct_percent,num_incorrect,num_incorrect_percent,training_time
0,Model_11_S3_R17_2020-04-07_01-02-31,10530,0.833729216152019,2100,0.166270783847981,480.55108820000004
