,Model,num_correct,num_correct_percent,num_incorrect,num_incorrect_percent,training_time
0,Model_11_S3_R5_2020-04-05_02-28-11,10712,0.8481393507521774,1918,0.15186064924782264,450.35479399999997
