,Model,num_correct,num_correct_percent,num_incorrect,num_incorrect_percent,training_time
0,Model_11_S24_R27_2020-04-08_20-09-43,772,0.0611243072050673,11858,0.9388756927949327,157.05916950000002
