,Model,num_correct,num_correct_percent,num_incorrect,num_incorrect_percent,training_time
0,Model_54_S1_R4_2020-04-09_11-21-50,10897,0.8627870150435472,1733,0.1372129849564529,378.28142979999996
