,Model,num_correct,num_correct_percent,num_incorrect,num_incorrect_percent,training_time
0,Model_11_S15_R4_2020-04-05_00-01-55,11372,0.9003958828186857,1258,0.09960411718131433,460.70911290000004
