,Model,num_correct,num_correct_percent,num_incorrect,num_incorrect_percent,training_time
0,Model_11_S17_R15_2020-04-06_18-52-09,11199,0.8866983372921615,1431,0.11330166270783848,186.44920979999998
