,Model,num_correct,num_correct_percent,num_incorrect,num_incorrect_percent,training_time
0,Model_11_S11_R18_2020-04-07_05-50-37,11411,0.9034837688044339,1219,0.09651623119556611,465.83164109999996
