,Model,num_correct,num_correct_percent,num_incorrect,num_incorrect_percent,training_time
0,Model_11_S4_R17_2020-04-07_01-10-40,10596,0.8389548693586698,2034,0.16104513064133016,289.96885280000004
