,Model,num_correct,num_correct_percent,num_incorrect,num_incorrect_percent,training_time
0,Model_11_S4_R4_2020-04-04_22-47-45,10879,0.8613618368962787,1751,0.1386381631037213,437.41128749999996
