,Model,num_correct,num_correct_percent,num_incorrect,num_incorrect_percent,training_time
0,Model_20_S1_R24_2020-04-07_06-36-08,11626,0.9205067300079176,1004,0.07949326999208234,427.46912149999997
