,Model,num_correct,num_correct_percent,num_incorrect,num_incorrect_percent,training_time
0,Model_11_S20_R25_2020-04-08_11-37-35,11410,0.9034045922406968,1220,0.09659540775930324,555.1684975999999
