,Model,num_correct,num_correct_percent,num_incorrect,num_incorrect_percent,training_time
0,Model_50_S5_R1_2020-04-07_15-31-20,11532,0.913064133016627,1098,0.08693586698337293,369.08137669999996
