,Model,num_correct,num_correct_percent,num_incorrect,num_incorrect_percent,training_time
0,Model_11_S18_R18_2020-04-07_06-36-28,3544,0.28060174188440223,9086,0.7193982581155978,160.84416660000002
