,Model,num_correct,num_correct_percent,num_incorrect,num_incorrect_percent,training_time
0,Model_51_S1_R24_2020-04-09_12-38-09,11118,0.8802850356294537,1512,0.11971496437054632,207.09755180000002
