,Model,num_correct,num_correct_percent,num_incorrect,num_incorrect_percent,training_time
0,Model_50_S23_R5_2020-04-08_06-23-01,11508,0.9111638954869359,1122,0.08883610451306413,389.06933699999996
