,Model,num_correct,num_correct_percent,num_incorrect,num_incorrect_percent,training_time
0,Model_50_S29_R0_2020-04-07_14-49-36,11579,0.9167854315122723,1051,0.08321456848772764,482.03755149999995
