,Model,num_correct,num_correct_percent,num_incorrect,num_incorrect_percent,training_time
0,Model_27_S1_R24_2020-04-07_07-24-11,750,0.05938242280285035,11880,0.9406175771971497,286.08787709999996
