,Model,num_correct,num_correct_percent,num_incorrect,num_incorrect_percent,training_time
0,Model_11_S24_R20_2020-04-07_15-26-39,690,0.05463182897862233,11940,0.9453681710213777,237.48377280000003
