,Model,num_correct,num_correct_percent,num_incorrect,num_incorrect_percent,training_time
0,Model_11_S21_R11_2020-04-06_03-56-23,11474,0.9084718923198734,1156,0.09152810768012669,345.80240910000003
