,Model,num_correct,num_correct_percent,num_incorrect,num_incorrect_percent,training_time
0,Model_50_S17_R9_2020-04-08_18-49-19,11393,0.9020585906571654,1237,0.09794140934283452,461.97024869999996
