,Model,num_correct,num_correct_percent,num_incorrect,num_incorrect_percent,training_time
0,Model_21_S1_R28_2020-04-07_10-00-05,11554,0.914806017418844,1076,0.08519398258115597,462.12125280000004
