,Model,num_correct,num_correct_percent,num_incorrect,num_incorrect_percent,training_time
0,Model_12_S5_R15_2020-04-06_20-35-51,10981,0.8694378463974664,1649,0.13056215360253365,105.94821830000001
