,Model,num_correct,num_correct_percent,num_incorrect,num_incorrect_percent,training_time
0,Model_25_S1_R8_2020-04-06_18-11-59,11121,0.8805225653206651,1509,0.11947743467933492,450.04655460000004
