,Model,num_correct,num_correct_percent,num_incorrect,num_incorrect_percent,training_time
0,Model_50_S24_R6_2020-04-08_09-46-09,11741,0.9296120348376881,889,0.07038796516231195,482.27387600000003
