,Model,num_correct,num_correct_percent,num_incorrect,num_incorrect_percent,training_time
0,Model_11_S17_R6_2020-04-05_07-45-45,690,0.05463182897862233,11940,0.9453681710213777,457.18656489999995
