,Model,num_correct,num_correct_percent,num_incorrect,num_incorrect_percent,training_time
0,Model_0_S1_R8_2020-04-05_13-19-39,11488,0.9095803642121932,1142,0.0904196357878068,453.97048620000004
