,Model,num_correct,num_correct_percent,num_incorrect,num_incorrect_percent,training_time
0,Model_11_S4_R23_2020-04-08_01-20-18,10872,0.8608076009501188,1758,0.13919239904988123,523.2439396999999
