,Model,num_correct,num_correct_percent,num_incorrect,num_incorrect_percent,training_time
0,Model_50_S16_R14_2020-04-08_06-37-54,11293,0.8941409342834521,1337,0.1058590657165479,362.37915350000003
