,Model,num_correct,num_correct_percent,num_incorrect,num_incorrect_percent,training_time
0,Model_12_S2_R17_2020-04-07_04-09-54,11377,0.9007917656373713,1253,0.09920823436262866,509.79998670000003
