,Model,num_correct,num_correct_percent,num_incorrect,num_incorrect_percent,training_time
0,Model_12_S5_R13_2020-04-06_12-45-10,11266,0.8920031670625495,1364,0.10799683293745052,195.15692190000001
