,Model,num_correct,num_correct_percent,num_incorrect,num_incorrect_percent,training_time
0,Model_52_S1_R24_2020-04-09_12-41-45,11356,0.8991290577988915,1274,0.10087094220110847,315.46034849999995
