,Model,num_correct,num_correct_percent,num_incorrect,num_incorrect_percent,training_time
0,Model_11_S18_R24_2020-04-08_07-11-48,4289,0.3395882818685669,8341,0.6604117181314331,155.49185210000002
