,Model,num_correct,num_correct_percent,num_incorrect,num_incorrect_percent,training_time
0,Model_51_S1_R19_2020-04-09_16-39-52,11377,0.9007917656373713,1253,0.09920823436262866,402.86393960000004
