,Model,num_correct,num_correct_percent,num_incorrect,num_incorrect_percent,training_time
0,Model_50_S28_R15_2020-04-08_11-28-11,11434,0.905304829770388,1196,0.09469517022961203,253.34435040000002
