,Model,num_correct,num_correct_percent,num_incorrect,num_incorrect_percent,training_time
0,Model_25_S1_R0_2020-04-06_10-59-01,10969,0.8684877276326207,1661,0.13151227236737925,457.67951999999997
