,Model,num_correct,num_correct_percent,num_incorrect,num_incorrect_percent,training_time
0,Model_11_S22_R29_2020-04-09_04-04-42,11511,0.9114014251781473,1119,0.08859857482185274,338.43273439999996
