,Model,num_correct,num_correct_percent,num_incorrect,num_incorrect_percent,training_time
0,Model_50_S22_R17_2020-04-08_18-01-13,11540,0.9136975455265242,1090,0.08630245447347586,394.83059249999997
