,Model,num_correct,num_correct_percent,num_incorrect,num_incorrect_percent,training_time
0,Model_11_S24_R16_2020-04-06_23-23-59,720,0.057007125890736345,11910,0.9429928741092637,242.26734290000002
