,Model,num_correct,num_correct_percent,num_incorrect,num_incorrect_percent,training_time
0,Model_50_S20_R8_2020-04-08_15-57-44,11544,0.9140142517814727,1086,0.08598574821852732,489.06436729999996
