,Model,num_correct,num_correct_percent,num_incorrect,num_incorrect_percent,training_time
0,Model_11_S17_R13_2020-04-06_10-55-44,11394,0.9021377672209027,1236,0.09786223277909739,361.51338119999997
