,Model,num_correct,num_correct_percent,num_incorrect,num_incorrect_percent,training_time
0,Model_50_S28_R8_2020-04-08_16-50-35,11598,0.918289786223278,1032,0.0817102137767221,354.41215939999995
