,Model,num_correct,num_correct_percent,num_incorrect,num_incorrect_percent,training_time
0,Model_11_S17_R16_2020-04-06_22-43-21,11330,0.897070467141726,1300,0.10292953285827396,252.16405749999998
