,Model,num_correct,num_correct_percent,num_incorrect,num_incorrect_percent,training_time
0,Model_50_S4_R0_2020-04-06_09-50-42,11556,0.9149643705463183,1074,0.0850356294536817,441.39813419999996
