,Model,num_correct,num_correct_percent,num_incorrect,num_incorrect_percent,training_time
0,Model_50_S29_R8_2020-04-07_12-20-52,11504,0.9108471892319874,1126,0.08915281076801267,448.26393129999997
