,Model,num_correct,num_correct_percent,num_incorrect,num_incorrect_percent,training_time
0,Model_50_S3_R5_2020-04-07_00-45-59,11368,0.9000791765637371,1262,0.09992082343626287,321.22822640000004
