,Model,num_correct,num_correct_percent,num_incorrect,num_incorrect_percent,training_time
0,Model_50_S14_R17_2020-04-08_17-03-10,11387,0.9015835312747427,1243,0.09841646872525732,450.24449979999997
