,Model,num_correct,num_correct_percent,num_incorrect,num_incorrect_percent,training_time
0,Model_11_S6_R3_2020-04-04_19-22-44,11327,0.8968329374505146,1303,0.10316706254948535,287.53666069999997
