,Model,num_correct,num_correct_percent,num_incorrect,num_incorrect_percent,training_time
0,Model_50_S27_R18_2020-04-08_22-11-07,11467,0.9079176563737134,1163,0.09208234362628662,384.74204760000003
