,Model,num_correct,num_correct_percent,num_incorrect,num_incorrect_percent,training_time
0,Model_12_S3_R20_2020-04-07_16-27-35,11486,0.9094220110847189,1144,0.09057798891528107,340.82448500000004
