,Model,num_correct,num_correct_percent,num_incorrect,num_incorrect_percent,training_time
0,Model_11_S19_R26_2020-04-08_15-16-52,10915,0.8642121931908155,1715,0.13578780680918448,417.33862589999995
