,Model,num_correct,num_correct_percent,num_incorrect,num_incorrect_percent,training_time
0,Model_50_S25_R1_2020-04-07_17-46-45,11463,0.9076009501187648,1167,0.09239904988123515,456.13706759999997
