,Model,num_correct,num_correct_percent,num_incorrect,num_incorrect_percent,training_time
0,Model_50_S26_R18_2020-04-08_22-06-29,11304,0.8950118764845606,1326,0.10498812351543943,268.83492179999996
