,Model,num_correct,num_correct_percent,num_incorrect,num_incorrect_percent,training_time
0,Model_11_S12_R6_2020-04-05_07-12-13,9654,0.7643705463182898,2976,0.2356294536817102,175.19104389999998
