,Model,num_correct,num_correct_percent,num_incorrect,num_incorrect_percent,training_time
0,Model_11_S23_R27_2020-04-08_20-05-13,10974,0.8688836104513065,1656,0.1311163895486936,256.46692010000004
