,Model,num_correct,num_correct_percent,num_incorrect,num_incorrect_percent,training_time
0,Model_50_S3_R8_2020-04-07_09-31-38,11294,0.8942201108471892,1336,0.10577988915281077,203.97299619999998
