,Model,num_correct,num_correct_percent,num_incorrect,num_incorrect_percent,training_time
0,Model_21_S1_R11_2020-04-06_20-26-51,11455,0.9069675376088677,1175,0.09303246239113222,373.57562409999997
