,Model,num_correct,num_correct_percent,num_incorrect,num_incorrect_percent,training_time
0,Model_50_S1_R2_2020-04-07_18-34-05,11309,0.8954077593032462,1321,0.10459224069675375,502.23818439999997
