,Model,num_correct,num_correct_percent,num_incorrect,num_incorrect_percent,training_time
0,Model_12_S5_R27_2020-04-08_21-15-35,11110,0.8796516231195566,1520,0.12034837688044339,131.91080570000003
