,Model,num_correct,num_correct_percent,num_incorrect,num_incorrect_percent,training_time
0,Model_11_S1_R27_2020-04-08_17-16-07,10068,0.7971496437054632,2562,0.20285035629453682,516.4708171999999
