,Model,num_correct,num_correct_percent,num_incorrect,num_incorrect_percent,training_time
0,Model_11_S30_R23_2020-04-08_04-17-19,690,0.05463182897862233,11940,0.9453681710213777,204.30585059999999
