,Model,num_correct,num_correct_percent,num_incorrect,num_incorrect_percent,training_time
0,Model_11_S6_R23_2020-04-08_01-38-17,11528,0.9127474267616785,1102,0.08725257323832146,520.6258846000001
