,Model,num_correct,num_correct_percent,num_incorrect,num_incorrect_percent,training_time
0,Model_11_S7_R5_2020-04-05_02-55-45,10762,0.8520981789390341,1868,0.14790182106096594,435.07660319999997
