,Model,num_correct,num_correct_percent,num_incorrect,num_incorrect_percent,training_time
0,Model_50_S29_R9_2020-04-08_20-19-29,11657,0.9229612034837688,973,0.07703879651623119,785.5957119999999
