,Model,num_correct,num_correct_percent,num_incorrect,num_incorrect_percent,training_time
0,Model_50_S18_R19_2020-04-09_01-00-00,11447,0.9063341250989707,1183,0.09366587490102929,230.67057920000002
