,Model,num_correct,num_correct_percent,num_incorrect,num_incorrect_percent,training_time
0,Model_11_S4_R25_2020-04-08_09-37-35,10968,0.8684085510688836,1662,0.13159144893111638,572.2865046999999
