,Model,num_correct,num_correct_percent,num_incorrect,num_incorrect_percent,training_time
0,Model_11_S11_R6_2020-04-05_07-07-38,11385,0.9014251781472684,1245,0.09857482185273159,266.20088930000003
