,Model,num_correct,num_correct_percent,num_incorrect,num_incorrect_percent,training_time
0,Model_12_S1_R23_2020-04-08_04-20-53,10934,0.8657165479018211,1696,0.13428345209817893,710.7780128999999
