,Model,num_correct,num_correct_percent,num_incorrect,num_incorrect_percent,training_time
0,Model_50_S11_R2_2020-04-07_20-03-47,11423,0.9044338875692794,1207,0.09556611243072051,579.2668517999999
