,Model,num_correct,num_correct_percent,num_incorrect,num_incorrect_percent,training_time
0,Model_50_S30_R9_2020-04-08_20-32-47,11502,0.910688836104513,1128,0.08931116389548693,818.1328163999999
