,Model,num_correct,num_correct_percent,num_incorrect,num_incorrect_percent,training_time
0,Model_11_S7_R1_2020-04-04_12-04-10,10736,0.8500395882818685,1894,0.14996041171813143,452.97166020000003
