,Model,num_correct,num_correct_percent,num_incorrect,num_incorrect_percent,training_time
0,Model_11_S17_R3_2020-04-04_20-37-14,11285,0.8935075217735551,1345,0.10649247822644498,194.93307710000002
