,Model,num_correct,num_correct_percent,num_incorrect,num_incorrect_percent,training_time
0,Model_11_S1_R10_2020-04-05_21-44-42,9873,0.7817102137767221,2757,0.2182897862232779,499.37745129999996
