,Model,num_correct,num_correct_percent,num_incorrect,num_incorrect_percent,training_time
0,Model_22_S1_R8_2020-04-06_17-51-31,11515,0.9117181314330958,1115,0.08828186856690419,467.20809640000004
