,Model,num_correct,num_correct_percent,num_incorrect,num_incorrect_percent,training_time
0,Model_20_S1_R14_2020-04-06_22-41-39,11482,0.9091053048297704,1148,0.0908946951702296,239.93551680000002
