,Model,num_correct,num_correct_percent,num_incorrect,num_incorrect_percent,training_time
0,Model_50_S11_R18_2020-04-08_20-10-17,11574,0.9163895486935867,1056,0.0836104513064133,602.2107338999999
