,Model,num_correct,num_correct_percent,num_incorrect,num_incorrect_percent,training_time
0,Model_11_S19_R19_2020-04-07_11-02-29,11052,0.8750593824228029,1578,0.12494061757719715,505.02104160000005
