,Model,num_correct,num_correct_percent,num_incorrect,num_incorrect_percent,training_time
0,Model_51_S1_R4_2020-04-09_10-59-56,11266,0.8920031670625495,1364,0.10799683293745052,404.34862780000003
