,Model,num_correct,num_correct_percent,num_incorrect,num_incorrect_percent,training_time
0,Model_50_S22_R15_2020-04-08_10-42-48,11413,0.9036421219319082,1217,0.09635787806809185,387.39155480000005
