,Model,num_correct,num_correct_percent,num_incorrect,num_incorrect_percent,training_time
0,Model_11_S7_R13_2020-04-06_09-43-30,10819,0.8566112430720507,1811,0.14338875692794933,468.22296320000004
