,Model,num_correct,num_correct_percent,num_incorrect,num_incorrect_percent,training_time
0,Model_50_S28_R7_2020-04-08_13-32-41,11530,0.9129057798891528,1100,0.08709422011084719,402.67051250000003
