,Model,num_correct,num_correct_percent,num_incorrect,num_incorrect_percent,training_time
0,Model_20_S1_R19_2020-04-07_02-45-29,11564,0.9155977830562153,1066,0.08440221694378464,425.08504869999996
