,Model,num_correct,num_correct_percent,num_incorrect,num_incorrect_percent,training_time
0,Model_50_S27_R1_2020-04-06_15-14-47,11516,0.9117973079968329,1114,0.08820269200316706,416.12844989999996
