,Model,num_correct,num_correct_percent,num_incorrect,num_incorrect_percent,training_time
0,Model_50_S28_R5_2020-04-07_03-09-18,11538,0.9135391923990499,1092,0.08646080760095012,258.49894869999997
