,Model,num_correct,num_correct_percent,num_incorrect,num_incorrect_percent,training_time
0,Model_11_S19_R12_2020-04-06_07-00-20,11055,0.8752969121140143,1575,0.12470308788598575,506.25995190000003
