,Model,num_correct,num_correct_percent,num_incorrect,num_incorrect_percent,training_time
0,Model_11_S2_R5_2020-04-05_02-20-34,10482,0.8299287410926366,2148,0.1700712589073634,448.94395030000004
