,Model,num_correct,num_correct_percent,num_incorrect,num_incorrect_percent,training_time
0,Model_11_S10_R10_2020-04-05_22-56-55,11386,0.9015043547110055,1244,0.09849564528899446,479.27797069999997
