,Model,num_correct,num_correct_percent,num_incorrect,num_incorrect_percent,training_time
0,Model_23_S1_R6_2020-04-06_16-06-03,11296,0.8943784639746635,1334,0.1056215360253365,448.00806700000004
