,Model,num_correct,num_correct_percent,num_incorrect,num_incorrect_percent,training_time
0,Model_50_S29_R9_2020-04-07_15-41-25,11569,0.915993665874901,1061,0.08400633412509897,374.83630020000004
