,Model,num_correct,num_correct_percent,num_incorrect,num_incorrect_percent,training_time
0,Model_11_S15_R9_2020-04-05_19-22-02,11390,0.901821060965954,1240,0.09817893903404593,451.36920499999997
