,Model,num_correct,num_correct_percent,num_incorrect,num_incorrect_percent,training_time
0,Model_11_S12_R9_2020-04-05_19-04-45,9599,0.7600158353127474,3031,0.23998416468725256,176.86584689999998
