,Model,num_correct,num_correct_percent,num_incorrect,num_incorrect_percent,training_time
0,Model_11_S30_R28_2020-04-09_00-39-01,630,0.0498812351543943,12000,0.9501187648456056,197.28419219999998
