,Model,num_correct,num_correct_percent,num_incorrect,num_incorrect_percent,training_time
0,Model_11_S19_R7_2020-04-05_11-34-19,11087,0.8778305621536026,1543,0.12216943784639747,446.33807690000003
