,Model,num_correct,num_correct_percent,num_incorrect,num_incorrect_percent,training_time
0,Model_20_S1_R15_2020-04-06_23-24-56,11581,0.9169437846397467,1049,0.08305621536025337,424.99674539999995
