,Model,num_correct,num_correct_percent,num_incorrect,num_incorrect_percent,training_time
0,Model_50_S12_R12_2020-04-07_23-49-57,11421,0.9042755344418052,1209,0.09572446555819478,281.64312440000003
