,Model,num_correct,num_correct_percent,num_incorrect,num_incorrect_percent,training_time
0,Model_11_S30_R6_2020-04-05_08-57-29,660,0.052256532066508314,11970,0.9477434679334917,211.72047940000002
