,Model,num_correct,num_correct_percent,num_incorrect,num_incorrect_percent,training_time
0,Model_50_S20_R9_2020-04-07_14-34-40,11591,0.917735550277118,1039,0.08226444972288202,506.73491490000004
