,Model,num_correct,num_correct_percent,num_incorrect,num_incorrect_percent,training_time
0,Model_12_S5_R7_2020-04-05_13-16-14,11219,0.8882818685669042,1411,0.11171813143309581,196.40500870000002
