,Model,num_correct,num_correct_percent,num_incorrect,num_incorrect_percent,training_time
0,Model_50_S24_R14_2020-04-08_07-22-52,11559,0.9152019002375297,1071,0.08479809976247031,438.04255689999997
