,Model,num_correct,num_correct_percent,num_incorrect,num_incorrect_percent,training_time
0,Model_11_S22_R9_2020-04-05_20-09-55,11303,0.8949326999208235,1327,0.10506730007917657,239.23518430000001
