,Model,num_correct,num_correct_percent,num_incorrect,num_incorrect_percent,training_time
0,Model_50_S17_R6_2020-04-07_05-03-26,11678,0.9246239113222486,952,0.07537608867775139,402.03576100000004
