,Model,num_correct,num_correct_percent,num_incorrect,num_incorrect_percent,training_time
0,Model_27_S1_R3_2020-04-06_13-54-24,750,0.05938242280285035,11880,0.9406175771971497,209.26528330000002
