,Model,num_correct,num_correct_percent,num_incorrect,num_incorrect_percent,training_time
0,Model_24_S1_R5_2020-04-06_15-19-08,11475,0.9085510688836105,1155,0.09144893111638955,378.00292449999995
