,Model,num_correct,num_correct_percent,num_incorrect,num_incorrect_percent,training_time
0,Model_11_S25_R19_2020-04-07_11-37-47,11109,0.8795724465558195,1521,0.12042755344418052,408.94871290000003
