,Model,num_correct,num_correct_percent,num_incorrect,num_incorrect_percent,training_time
0,Model_21_S1_R23_2020-04-07_05-58-41,11435,0.9053840063341251,1195,0.0946159936658749,281.27141819999997
