,Model,num_correct,num_correct_percent,num_incorrect,num_incorrect_percent,training_time
0,Model_50_S11_R10_2020-04-07_17-05-49,11437,0.9055423594615993,1193,0.09445764053840064,430.34733850000003
