,Model,num_correct,num_correct_percent,num_incorrect,num_incorrect_percent,training_time
0,Model_11_S9_R22_2020-04-07_21-44-46,10985,0.8697545526524149,1645,0.1302454473475851,352.21105190000003
