,Model,num_correct,num_correct_percent,num_incorrect,num_incorrect_percent,training_time
0,Model_11_S29_R13_2020-04-06_12-04-03,10655,0.8436262866191607,1975,0.15637371338083927,194.82623710000001
