,Model,num_correct,num_correct_percent,num_incorrect,num_incorrect_percent,training_time
0,Model_24_S1_R17_2020-04-07_01-29-00,11439,0.9057007125890736,1191,0.09429928741092637,410.38625950000005
