,Model,num_correct,num_correct_percent,num_incorrect,num_incorrect_percent,training_time
0,Model_52_S1_R25_2020-04-09_13-09-59,11171,0.8844813935075218,1459,0.11551860649247822,280.82068999999996
