,Model,num_correct,num_correct_percent,num_incorrect,num_incorrect_percent,training_time
0,Model_50_S4_R8_2020-04-07_09-35-11,11568,0.9159144893111639,1062,0.0840855106888361,439.38732250000004
