,Model,num_correct,num_correct_percent,num_incorrect,num_incorrect_percent,training_time
0,Model_51_S1_R13_2020-04-09_12-10-39,11088,0.8779097387173397,1542,0.12209026128266033,277.04847620000004
