,Model,num_correct,num_correct_percent,num_incorrect,num_incorrect_percent,training_time
0,Model_11_S18_R14_2020-04-06_15-01-50,4520,0.3578780680918448,8110,0.6421219319081551,149.86089819999998
