,Model,num_correct,num_correct_percent,num_incorrect,num_incorrect_percent,training_time
0,Model_11_S15_R22_2020-04-07_22-21-23,11324,0.8965954077593032,1306,0.10340459224069676,475.30263740000004
