,Model,num_correct,num_correct_percent,num_incorrect,num_incorrect_percent,training_time
0,Model_50_S21_R0_2020-04-07_13-56-49,11296,0.8943784639746635,1334,0.1056215360253365,373.54614879999997
