,Model,num_correct,num_correct_percent,num_incorrect,num_incorrect_percent,training_time
0,Model_12_S3_R6_2020-04-05_09-17-44,11548,0.9143309580364212,1082,0.08566904196357879,440.38547170000004
