,Model,num_correct,num_correct_percent,num_incorrect,num_incorrect_percent,training_time
0,Model_11_S3_R19_2020-04-07_08-55-58,10642,0.842596991290578,1988,0.157403008709422,527.0656088999999
