,Model,num_correct,num_correct_percent,num_incorrect,num_incorrect_percent,training_time
0,Model_50_S18_R18_2020-04-08_21-09-13,11343,0.8980997624703088,1287,0.10190023752969121,493.94862059999997
