,Model,num_correct,num_correct_percent,num_incorrect,num_incorrect_percent,training_time
0,Model_11_S21_R29_2020-04-09_03-58-24,11350,0.8986539984164688,1280,0.10134600158353127,368.68827369999997
