,Model,num_correct,num_correct_percent,num_incorrect,num_incorrect_percent,training_time
0,Model_11_S17_R19_2020-04-07_10-53-18,11363,0.8996832937450515,1267,0.10031670625494854,333.81474829999996
