,Model,num_correct,num_correct_percent,num_incorrect,num_incorrect_percent,training_time
0,Model_50_S24_R7_2020-04-07_08-33-04,11605,0.9188440221694378,1025,0.08115597783056215,406.69641579999995
