,Model,num_correct,num_correct_percent,num_incorrect,num_incorrect_percent,training_time
0,Model_12_S3_R29_2020-04-09_05-11-05,11592,0.9178147268408551,1038,0.0821852731591449,406.66776020000003
