,Model,num_correct,num_correct_percent,num_incorrect,num_incorrect_percent,training_time
0,Model_11_S15_R28_2020-04-08_23-09-27,11444,0.9060965954077593,1186,0.0939034045922407,479.10619460000004
