,Model,num_correct,num_correct_percent,num_incorrect,num_incorrect_percent,training_time
0,Model_50_S2_R2_2020-04-07_18-42-38,11396,0.9022961203483769,1234,0.09770387965162312,522.9113887999999
