,Model,num_correct,num_correct_percent,num_incorrect,num_incorrect_percent,training_time
0,Model_26_S1_R18_2020-04-07_02-33-52,11556,0.9149643705463183,1074,0.0850356294536817,394.83506459999995
