,Model,num_correct,num_correct_percent,num_incorrect,num_incorrect_percent,training_time
0,Model_50_S5_R17_2020-04-08_16-05-39,11486,0.9094220110847189,1144,0.09057798891528107,343.35874010000003
