,Model,num_correct,num_correct_percent,num_incorrect,num_incorrect_percent,training_time
0,Model_12_S5_R0_2020-04-04_11-09-20,11140,0.8820269200316706,1490,0.11797307996832937,194.05829690000002
