,Model,num_correct,num_correct_percent,num_incorrect,num_incorrect_percent,training_time
0,Model_22_S1_R20_2020-04-07_03-42-58,11505,0.9109263657957245,1125,0.08907363420427554,427.14909839999996
