,Model,num_correct,num_correct_percent,num_incorrect,num_incorrect_percent,training_time
0,Model_53_S1_R28_2020-04-09_14-29-34,11610,0.9192399049881235,1020,0.08076009501187649,466.74461310000004
