,Model,num_correct,num_correct_percent,num_incorrect,num_incorrect_percent,training_time
0,Model_11_S23_R28_2020-04-08_23-58-35,11214,0.8878859857482185,1416,0.11211401425178147,222.92596410000002
