,Model,num_correct,num_correct_percent,num_incorrect,num_incorrect_percent,training_time
0,Model_11_S6_R18_2020-04-07_05-15-06,11571,0.9161520190023753,1059,0.08384798099762471,381.34108150000003
