,Model,num_correct,num_correct_percent,num_incorrect,num_incorrect_percent,training_time
0,Model_50_S22_R0_2020-04-06_11-46-39,11248,0.8905779889152811,1382,0.10942201108471893,226.98294149999998
