,Model,num_correct,num_correct_percent,num_incorrect,num_incorrect_percent,training_time
0,Model_11_S20_R4_2020-04-05_00-30-28,11258,0.8913697545526524,1372,0.10863024544734759,331.86639959999997
