,Model,num_correct,num_correct_percent,num_incorrect,num_incorrect_percent,training_time
0,Model_12_S4_R20_2020-04-07_16-33-25,11396,0.9022961203483769,1234,0.09770387965162312,200.86361000000002
