,Model,num_correct,num_correct_percent,num_incorrect,num_incorrect_percent,training_time
0,Model_11_S7_R16_2020-04-06_21-31-25,10784,0.853840063341251,1846,0.14615993665874902,455.45007549999997
