,Model,num_correct,num_correct_percent,num_incorrect,num_incorrect_percent,training_time
0,Model_21_S1_R25_2020-04-07_07-34-55,11478,0.9087885985748219,1152,0.09121140142517815,384.11203919999997
