,Model,num_correct,num_correct_percent,num_incorrect,num_incorrect_percent,training_time
0,Model_11_S4_R18_2020-04-07_05-04-41,10865,0.8602533650039589,1765,0.13974663499604117,390.39499190000004
