,Model,num_correct,num_correct_percent,num_incorrect,num_incorrect_percent,training_time
0,Model_11_S8_R21_2020-04-07_17-45-21,11086,0.8777513855898654,1544,0.1222486144101346,483.25818350000003
