,Model,num_correct,num_correct_percent,num_incorrect,num_incorrect_percent,training_time
0,Model_50_S20_R2_2020-04-06_17-26-58,11576,0.9165479018210609,1054,0.08345209817893903,464.47191829999997
