,Model,num_correct,num_correct_percent,num_incorrect,num_incorrect_percent,training_time
0,Model_27_S1_R10_2020-04-06_20-16-05,720,0.057007125890736345,11910,0.9429928741092637,181.84890819999998
