,Model,num_correct,num_correct_percent,num_incorrect,num_incorrect_percent,training_time
0,Model_27_S1_R14_2020-04-06_23-20-55,750,0.05938242280285035,11880,0.9406175771971497,232.76797520000002
