,Model,num_correct,num_correct_percent,num_incorrect,num_incorrect_percent,training_time
0,Model_11_S19_R18_2020-04-07_06-39-18,10890,0.8622327790973872,1740,0.1377672209026128,490.17946570000004
