,Model,num_correct,num_correct_percent,num_incorrect,num_incorrect_percent,training_time
0,Model_50_S11_R0_2020-04-07_12-55-34,11343,0.8980997624703088,1287,0.10190023752969121,255.31708740000002
