,Model,num_correct,num_correct_percent,num_incorrect,num_incorrect_percent,training_time
0,Model_11_S30_R14_2020-04-06_16-08-25,490,0.038796516231195566,12140,0.9612034837688044,201.39235190000002
