,Model,num_correct,num_correct_percent,num_incorrect,num_incorrect_percent,training_time
0,Model_12_S5_R3_2020-04-04_22-18-05,11129,0.8811559778305621,1501,0.11884402216943785,149.82791070000002
