,Model,num_correct,num_correct_percent,num_incorrect,num_incorrect_percent,training_time
0,Model_11_S12_R28_2020-04-08_22-50-16,9101,0.7205859065716548,3529,0.2794140934283452,174.83954989999998
