,Model,num_correct,num_correct_percent,num_incorrect,num_incorrect_percent,training_time
0,Model_11_S3_R27_2020-04-08_17-33-19,10805,0.8555027711797308,1825,0.1444972288202692,471.05284869999997
