,Model,num_correct,num_correct_percent,num_incorrect,num_incorrect_percent,training_time
0,Model_21_S1_R0_2020-04-06_10-30-53,11482,0.9091053048297704,1148,0.0908946951702296,486.84278939999996
