,Model,num_correct,num_correct_percent,num_incorrect,num_incorrect_percent,training_time
0,Model_11_S2_R15_2020-04-06_17-02-02,10552,0.8354711005542359,2078,0.16452889944576404,526.4541085999999
