,Model,num_correct,num_correct_percent,num_incorrect,num_incorrect_percent,training_time
0,Model_23_S1_R24_2020-04-07_06-56-51,11464,0.907680126682502,1166,0.09231987331749802,425.60532709999995
