,Model,num_correct,num_correct_percent,num_incorrect,num_incorrect_percent,training_time
0,Model_12_S5_R11_2020-04-06_05-12-55,11259,0.8914489311163896,1371,0.10855106888361045,193.31889710000002
