,Model,num_correct,num_correct_percent,num_incorrect,num_incorrect_percent,training_time
0,Model_11_S30_R11_2020-04-06_04-41-36,720,0.057007125890736345,11910,0.9429928741092637,260.21731489999996
