,Model,num_correct,num_correct_percent,num_incorrect,num_incorrect_percent,training_time
0,Model_50_S16_R2_2020-04-06_17-02-22,11341,0.8979414093428345,1289,0.10205859065716548,246.10961690000002
