,Model,num_correct,num_correct_percent,num_incorrect,num_incorrect_percent,training_time
0,Model_12_S5_R14_2020-04-06_16-45-33,11262,0.891686460807601,1368,0.10831353919239906,168.63880899999998
