,Model,num_correct,num_correct_percent,num_incorrect,num_incorrect_percent,training_time
0,Model_52_S1_R29_2020-04-09_17-15-22,11267,0.8920823436262866,1363,0.10791765637371338,266.00056720000003
