,Model,num_correct,num_correct_percent,num_incorrect,num_incorrect_percent,training_time
0,Model_50_S26_R15_2020-04-08_11-13-09,11404,0.9029295328582739,1226,0.09707046714172606,411.28786599999995
