,Model,num_correct,num_correct_percent,num_incorrect,num_incorrect_percent,training_time
0,Model_52_S1_R17_2020-04-09_14-04-18,11332,0.8972288202692004,1298,0.10277117973079969,244.06628160000002
