,Model,num_correct,num_correct_percent,num_incorrect,num_incorrect_percent,training_time
0,Model_50_S17_R5_2020-04-07_02-03-44,11430,0.9049881235154394,1200,0.09501187648456057,231.83851239999998
