,Model,num_correct,num_correct_percent,num_incorrect,num_incorrect_percent,training_time
0,Model_50_S29_R18_2020-04-08_22-27-19,11668,0.9238321456848773,962,0.07616785431512273,661.9451502999999
