,Model,num_correct,num_correct_percent,num_incorrect,num_incorrect_percent,training_time
0,Model_11_S2_R8_2020-04-05_13-35-05,10625,0.8412509897070467,2005,0.1587490102929533,484.61171440000004
