,Model,num_correct,num_correct_percent,num_incorrect,num_incorrect_percent,training_time
0,Model_26_S1_R7_2020-04-06_17-20-23,11571,0.9161520190023753,1059,0.08384798099762471,483.20529739999995
