,Model,num_correct,num_correct_percent,num_incorrect,num_incorrect_percent,training_time
0,Model_11_S11_R17_2020-04-07_02-01-56,11304,0.8950118764845606,1326,0.10498812351543943,479.37223559999995
