,Model,num_correct,num_correct_percent,num_incorrect,num_incorrect_percent,training_time
0,Model_20_S1_R25_2020-04-07_07-29-06,11348,0.8984956452889945,1282,0.10150435471100554,341.23049319999996
