,Model,num_correct,num_correct_percent,num_incorrect,num_incorrect_percent,training_time
0,Model_54_S1_R13_2020-04-09_12-27-23,11013,0.8719714964370546,1617,0.12802850356294537,510.22759790000003
