,Model,num_correct,num_correct_percent,num_incorrect,num_incorrect_percent,training_time
0,Model_11_S18_R6_2020-04-05_07-53-31,4307,0.3410134600158353,8323,0.6589865399841647,147.74703580000002
