,Model,num_correct,num_correct_percent,num_incorrect,num_incorrect_percent,training_time
0,Model_50_S18_R9_2020-04-08_18-57-10,11428,0.9048297703879652,1202,0.09517022961203483,403.70958809999996
