,Model,num_correct,num_correct_percent,num_incorrect,num_incorrect_percent,training_time
0,Model_50_S16_R19_2020-04-09_00-48-20,11403,0.9028503562945368,1227,0.09714964370546318,369.70069340000003
