,Model,num_correct,num_correct_percent,num_incorrect,num_incorrect_percent,training_time
0,Model_11_S7_R2_2020-04-04_15-40-05,10813,0.8561361836896278,1817,0.14386381631037212,434.50870000000003
