,Model,num_correct,num_correct_percent,num_incorrect,num_incorrect_percent,training_time
0,Model_11_S22_R20_2020-04-07_15-14-28,11483,0.9091844813935075,1147,0.09081551860649248,473.06346510000003
