,Model,num_correct,num_correct_percent,num_incorrect,num_incorrect_percent,training_time
0,Model_11_S3_R4_2020-04-04_22-40-17,10576,0.8373713380839272,2054,0.16262866191607284,438.28379820000004
