,Model,num_correct,num_correct_percent,num_incorrect,num_incorrect_percent,training_time
0,Model_11_S10_R4_2020-04-04_23-27-56,11418,0.9040380047505938,1212,0.09596199524940617,525.6641467999999
