,Model,num_correct,num_correct_percent,num_incorrect,num_incorrect_percent,training_time
0,Model_11_S2_R7_2020-04-05_09-43-03,10656,0.8437054631828979,1974,0.15629453681710215,434.20684420000003
