,Model,num_correct,num_correct_percent,num_incorrect,num_incorrect_percent,training_time
0,Model_50_S30_R1_2020-04-07_18-23-23,11456,0.907046714172605,1174,0.0929532858273951,601.7100131999999
