,Model,num_correct,num_correct_percent,num_incorrect,num_incorrect_percent,training_time
0,Model_50_S27_R1_2020-04-07_18-00-00,11453,0.9068091844813935,1177,0.09319081551860649,370.57201799999996
