,Model,num_correct,num_correct_percent,num_incorrect,num_incorrect_percent,training_time
0,Model_12_S1_R19_2020-04-07_12-10-11,11063,0.8759303246239113,1567,0.12406967537608868,580.9360919999999
