,Model,num_correct,num_correct_percent,num_incorrect,num_incorrect_percent,training_time
0,Model_50_S22_R5_2020-04-08_06-15-55,11597,0.9182106096595408,1033,0.08178939034045922,417.88723269999997
