,Model,num_correct,num_correct_percent,num_incorrect,num_incorrect_percent,training_time
0,Model_50_S12_R13_2020-04-08_03-03-09,11611,0.9193190815518606,1019,0.08068091844813935,410.53693960000004
