,Model,num_correct,num_correct_percent,num_incorrect,num_incorrect_percent,training_time
0,Model_50_S2_R15_2020-04-08_08-16-02,11424,0.9045130641330166,1206,0.09548693586698337,293.23934199999997
