,Model,num_correct,num_correct_percent,num_incorrect,num_incorrect_percent,training_time
0,Model_50_S25_R8_2020-04-08_16-30-31,11540,0.9136975455265242,1090,0.08630245447347586,405.63703269999996
