,Model,num_correct,num_correct_percent,num_incorrect,num_incorrect_percent,training_time
0,Model_53_S1_R19_2020-04-09_16-54-25,11566,0.9157561361836897,1064,0.08424386381631037,471.81781279999996
