,Model,num_correct,num_correct_percent,num_incorrect,num_incorrect_percent,training_time
0,Model_50_S17_R5_2020-04-08_05-47-06,11589,0.9175771971496437,1041,0.08242280285035629,418.92834289999996
