,Model,num_correct,num_correct_percent,num_incorrect,num_incorrect_percent,training_time
0,Model_50_S2_R9_2020-04-08_17-18-32,11592,0.9178147268408551,1038,0.0821852731591449,381.73148319999996
