,Model,num_correct,num_correct_percent,num_incorrect,num_incorrect_percent,training_time
0,Model_11_S26_R18_2020-04-07_07-25-15,11321,0.8963578780680919,1309,0.10364212193190815,484.45406959999997
