,Model,num_correct,num_correct_percent,num_incorrect,num_incorrect_percent,training_time
0,Model_11_S19_R16_2020-04-06_22-50-23,11206,0.8872525732383214,1424,0.11274742676167854,454.85798520000003
