,Model,num_correct,num_correct_percent,num_incorrect,num_incorrect_percent,training_time
0,Model_11_S24_R22_2020-04-07_23-16-55,695,0.055027711797308,11935,0.944972288202692,154.46366640000002
