,Model,num_correct,num_correct_percent,num_incorrect,num_incorrect_percent,training_time
0,Model_50_S24_R11_2020-04-07_21-58-59,11462,0.9075217735550277,1168,0.09247822644497229,311.93410489999997
