,Model,num_correct,num_correct_percent,num_incorrect,num_incorrect_percent,training_time
0,Model_50_S13_R2_2020-04-06_16-42-54,11505,0.9109263657957245,1125,0.08907363420427554,398.24553749999995
