,Model,num_correct,num_correct_percent,num_incorrect,num_incorrect_percent,training_time
0,Model_11_S12_R16_2020-04-06_22-10-30,9497,0.7519398258115598,3133,0.24806017418844023,176.55777220000002
