,Model,num_correct,num_correct_percent,num_incorrect,num_incorrect_percent,training_time
0,Model_23_S1_R10_2020-04-06_19-50-01,11331,0.8971496437054631,1299,0.10285035629453682,363.06532699999997
