,Model,num_correct,num_correct_percent,num_incorrect,num_incorrect_percent,training_time
0,Model_11_S25_R0_2020-04-04_10-05-45,11028,0.8731591448931116,1602,0.12684085510688836,414.24784650000004
