,Model,num_correct,num_correct_percent,num_incorrect,num_incorrect_percent,training_time
0,Model_50_S2_R8_2020-04-07_09-24-04,11488,0.9095803642121932,1142,0.0904196357878068,446.02402639999997
