,Model,num_correct,num_correct_percent,num_incorrect,num_incorrect_percent,training_time
0,Model_50_S13_R7_2020-04-08_11-51-51,11554,0.914806017418844,1076,0.08519398258115597,450.34837880000003
