,Model,num_correct,num_correct_percent,num_incorrect,num_incorrect_percent,training_time
0,Model_50_S5_R8_2020-04-08_14-20-47,11474,0.9084718923198734,1156,0.09152810768012669,304.98293459999996
