,Model,num_correct,num_correct_percent,num_incorrect,num_incorrect_percent,training_time
0,Model_11_S29_R25_2020-04-08_12-32-48,10766,0.8524148851939826,1864,0.1475851148060174,203.36083920000002
