,Model,num_correct,num_correct_percent,num_incorrect,num_incorrect_percent,training_time
0,Model_11_S15_R16_2020-04-06_22-28-10,11421,0.9042755344418052,1209,0.09572446555819478,429.01156860000003
