,Model,num_correct,num_correct_percent,num_incorrect,num_incorrect_percent,training_time
0,Model_11_S29_R6_2020-04-05_08-54-41,10797,0.8548693586698337,1833,0.14513064133016626,159.67218450000001
