,Model,num_correct,num_correct_percent,num_incorrect,num_incorrect_percent,training_time
0,Model_50_S29_R2_2020-04-07_22-06-54,11581,0.9169437846397467,1049,0.08305621536025337,449.28136059999997
