,Model,num_correct,num_correct_percent,num_incorrect,num_incorrect_percent,training_time
0,Model_11_S23_R13_2020-04-06_11-31-12,10930,0.8653998416468726,1700,0.13460015835312747,269.86870780000004
