,Model,num_correct,num_correct_percent,num_incorrect,num_incorrect_percent,training_time
0,Model_54_S1_R5_2020-04-09_11-45-27,11126,0.8809184481393507,1504,0.11908155186064925,496.07109940000004
