,Model,num_correct,num_correct_percent,num_incorrect,num_incorrect_percent,training_time
0,Model_50_S16_R3_2020-04-07_23-52-06,11490,0.9097387173396675,1140,0.09026128266033254,323.01804269999997
