,Model,num_correct,num_correct_percent,num_incorrect,num_incorrect_percent,training_time
0,Model_11_S22_R26_2020-04-08_15-36-34,11347,0.8984164687252574,1283,0.10158353127474268,286.24874170000004
