,Model,num_correct,num_correct_percent,num_incorrect,num_incorrect_percent,training_time
0,Model_54_S1_R6_2020-04-09_12-11-23,11058,0.8755344418052257,1572,0.12446555819477435,325.42653970000003
