,Model,num_correct,num_correct_percent,num_incorrect,num_incorrect_percent,training_time
0,Model_12_S3_R8_2020-04-05_17-14-08,11488,0.9095803642121932,1142,0.0904196357878068,520.3127681999999
