,Model,num_correct,num_correct_percent,num_incorrect,num_incorrect_percent,training_time
0,Model_11_S22_R21_2020-04-07_19-16-46,11412,0.903562945368171,1218,0.09643705463182897,383.55310540000005
