,Model,num_correct,num_correct_percent,num_incorrect,num_incorrect_percent,training_time
0,Model_54_S1_R2_2020-04-09_10-23-16,11336,0.8975455265241489,1294,0.10245447347585115,377.94143069999996
