,Model,num_correct,num_correct_percent,num_incorrect,num_incorrect_percent,training_time
0,Model_12_S1_R14_2020-04-06_16-11-55,10907,0.8635787806809184,1723,0.13642121931908155,711.1485064000001
