,Model,num_correct,num_correct_percent,num_incorrect,num_incorrect_percent,training_time
0,Model_11_S18_R1_2020-04-04_13-11-27,4608,0.3648456057007126,8022,0.6351543942992874,155.36854730000002
