,Model,num_correct,num_correct_percent,num_incorrect,num_incorrect_percent,training_time
0,Model_12_S5_R22_2020-04-08_00-40-54,11122,0.8806017418844022,1508,0.11939825811559779,225.02929600000002
