,Model,num_correct,num_correct_percent,num_incorrect,num_incorrect_percent,training_time
0,Model_50_S5_R5_2020-04-07_00-55-18,11642,0.9217735550277117,988,0.0782264449722882,425.16166979999997
