,Model,num_correct,num_correct_percent,num_incorrect,num_incorrect_percent,training_time
0,Model_11_S8_R28_2020-04-08_22-18-44,11001,0.871021377672209,1629,0.12897862232779098,480.93248140000003
