,Model,num_correct,num_correct_percent,num_incorrect,num_incorrect_percent,training_time
0,Model_11_S11_R24_2020-04-08_06-23-57,11477,0.9087094220110847,1153,0.09129057798891528,477.60195960000004
