,Model,num_correct,num_correct_percent,num_incorrect,num_incorrect_percent,training_time
0,Model_11_S21_R26_2020-04-08_15-32-27,11306,0.8951702296120349,1324,0.10482977038796516,237.45170000000002
