,Model,num_correct,num_correct_percent,num_incorrect,num_incorrect_percent,training_time
0,Model_26_S1_R5_2020-04-06_15-33-06,11533,0.9131433095803642,1097,0.08685669041963578,449.82219249999997
