,Model,num_correct,num_correct_percent,num_incorrect,num_incorrect_percent,training_time
0,Model_50_S16_R1_2020-04-06_14-08-37,11386,0.9015043547110055,1244,0.09849564528899446,286.20976640000003
