,Model,num_correct,num_correct_percent,num_incorrect,num_incorrect_percent,training_time
0,Model_24_S1_R10_2020-04-06_19-56-13,11506,0.9110055423594616,1124,0.0889944576405384,409.85723329999996
