,Model,num_correct,num_correct_percent,num_incorrect,num_incorrect_percent,training_time
0,Model_26_S1_R11_2020-04-06_21-00-36,11455,0.9069675376088677,1175,0.09303246239113222,334.28856859999996
