,Model,num_correct,num_correct_percent,num_incorrect,num_incorrect_percent,training_time
0,Model_50_S28_R1_2020-04-06_15-21-51,11460,0.9073634204275535,1170,0.09263657957244656,280.46517950000003
