,Model,num_correct,num_correct_percent,num_incorrect,num_incorrect_percent,training_time
0,Model_50_S22_R9_2020-04-08_19-26-41,11430,0.9049881235154394,1200,0.09501187648456057,391.17959629999996
