,Model,num_correct,num_correct_percent,num_incorrect,num_incorrect_percent,training_time
0,Model_11_S27_R29_2020-04-09_04-32-41,11284,0.8934283452098178,1346,0.1065716547901821,299.62870860000004
