,Model,num_correct,num_correct_percent,num_incorrect,num_incorrect_percent,training_time
0,Model_54_S1_R21_2020-04-09_11-38-48,10742,0.8505146476642914,1888,0.14948535233570864,456.29947530000004
