,Model,num_correct,num_correct_percent,num_incorrect,num_incorrect_percent,training_time
0,Model_11_S23_R21_2020-04-07_19-23-18,11353,0.8988915281076801,1277,0.10110847189231988,231.15089250000003
