,Model,num_correct,num_correct_percent,num_incorrect,num_incorrect_percent,training_time
0,Model_50_S23_R10_2020-04-07_18-29-15,11451,0.9066508313539192,1179,0.09334916864608075,306.11182779999996
