,Model,num_correct,num_correct_percent,num_incorrect,num_incorrect_percent,training_time
0,Model_11_S5_R21_2020-04-07_17-21-28,11179,0.8851148060174189,1451,0.11488519398258115,497.92257240000004
