,Model,num_correct,num_correct_percent,num_incorrect,num_incorrect_percent,training_time
0,Model_11_S18_R10_2020-04-05_23-52-30,3255,0.25771971496437057,9375,0.7422802850356295,155.90939519999998
