,Model,num_correct,num_correct_percent,num_incorrect,num_incorrect_percent,training_time
0,Model_12_S1_R21_2020-04-07_20-07-25,11019,0.8724465558194774,1611,0.12755344418052256,627.6255649999999
