,Model,num_correct,num_correct_percent,num_incorrect,num_incorrect_percent,training_time
0,Model_11_S6_R12_2020-04-06_05-59-23,11459,0.9072842438638163,1171,0.09271575613618369,424.58961669999997
