,Model,num_correct,num_correct_percent,num_incorrect,num_incorrect_percent,training_time
0,Model_54_S1_R20_2020-04-09_11-12-23,11068,0.876326207442597,1562,0.123673792557403,384.42207679999996
