,Model,num_correct,num_correct_percent,num_incorrect,num_incorrect_percent,training_time
0,Model_11_S30_R12_2020-04-06_08-11-24,720,0.057007125890736345,11910,0.9429928741092637,251.96538249999998
