,Model,num_correct,num_correct_percent,num_incorrect,num_incorrect_percent,training_time
0,Model_11_S23_R9_2020-04-05_20-14-16,11155,0.8832145684877276,1475,0.11678543151227237,191.72577120000003
