,Model,num_correct,num_correct_percent,num_incorrect,num_incorrect_percent,training_time
0,Model_11_S24_R18_2020-04-07_07-14-07,720,0.057007125890736345,11910,0.9429928741092637,160.66871790000002
