,Model,num_correct,num_correct_percent,num_incorrect,num_incorrect_percent,training_time
0,Model_53_S1_R27_2020-04-09_14-02-18,11722,0.9281076801266825,908,0.0718923198733175,426.23697419999996
