,Model,num_correct,num_correct_percent,num_incorrect,num_incorrect_percent,training_time
0,Model_50_S12_R7_2020-04-07_07-24-21,11236,0.8896278701504354,1394,0.11037212984956453,182.27527669999998
