,Model,num_correct,num_correct_percent,num_incorrect,num_incorrect_percent,training_time
0,Model_12_S5_R20_2020-04-07_16-36-55,11268,0.8921615201900237,1362,0.10783847980997625,142.94805050000002
