,Model,num_correct,num_correct_percent,num_incorrect,num_incorrect_percent,training_time
0,Model_11_S16_R9_2020-04-05_19-29-56,11466,0.9078384798099762,1164,0.09216152019002376,509.35496340000003
