,Model,num_correct,num_correct_percent,num_incorrect,num_incorrect_percent,training_time
0,Model_21_S1_R13_2020-04-06_22-04-15,11416,0.9038796516231196,1214,0.09612034837688044,428.65935049999996
