,Model,num_correct,num_correct_percent,num_incorrect,num_incorrect_percent,training_time
0,Model_50_S11_R14_2020-04-08_06-06-15,11443,0.9060174188440222,1187,0.09398258115597784,415.18734520000004
