,Model,num_correct,num_correct_percent,num_incorrect,num_incorrect_percent,training_time
0,Model_50_S12_R9_2020-04-08_18-15-55,11422,0.9043547110055423,1208,0.09564528899445764,452.01255749999996
