,Model,num_correct,num_correct_percent,num_incorrect,num_incorrect_percent,training_time
0,Model_12_S1_R16_2020-04-07_00-01-22,10804,0.8554235946159937,1826,0.14457640538400635,679.6255253999999
