,Model,num_correct,num_correct_percent,num_incorrect,num_incorrect_percent,training_time
0,Model_11_S26_R21_2020-04-07_19-37-25,11456,0.907046714172605,1174,0.0929532858273951,459.63780529999997
