,Model,num_correct,num_correct_percent,num_incorrect,num_incorrect_percent,training_time
0,Model_50_S4_R5_2020-04-07_00-51-28,11428,0.9048297703879652,1202,0.09517022961203483,222.16021809999998
