,Model,num_correct,num_correct_percent,num_incorrect,num_incorrect_percent,training_time
0,Model_50_S28_R12_2020-04-08_01-32-08,11430,0.9049881235154394,1200,0.09501187648456057,296.26132290000004
