,Model,num_correct,num_correct_percent,num_incorrect,num_incorrect_percent,training_time
0,Model_50_S22_R16_2020-04-08_14-20-29,11586,0.9173396674584323,1044,0.0826603325415677,468.48684399999996
