,Model,num_correct,num_correct_percent,num_incorrect,num_incorrect_percent,training_time
0,Model_50_S13_R6_2020-04-08_08-26-43,11581,0.9169437846397467,1049,0.08305621536025337,465.39800929999996
