,Model,num_correct,num_correct_percent,num_incorrect,num_incorrect_percent,training_time
0,Model_11_S12_R7_2020-04-05_10-55-45,8650,0.6848772763262074,3980,0.31512272367379257,159.32268520000002
