,Model,num_correct,num_correct_percent,num_incorrect,num_incorrect_percent,training_time
0,Model_50_S14_R18_2020-04-08_20-37-10,11376,0.9007125890736342,1254,0.0992874109263658,381.39726029999997
