,Model,num_correct,num_correct_percent,num_incorrect,num_incorrect_percent,training_time
0,Model_50_S27_R5_2020-04-08_06-50-14,11507,0.9110847189231988,1123,0.08891528107680127,411.10585069999996
