,Model,num_correct,num_correct_percent,num_incorrect,num_incorrect_percent,training_time
0,Model_50_S18_R12_2020-04-08_00-32-56,11158,0.883452098178939,1472,0.11654790182106096,212.33332670000001
