,Model,num_correct,num_correct_percent,num_incorrect,num_incorrect_percent,training_time
0,Model_11_S28_R22_2020-04-07_23-40-49,11397,0.902375296912114,1233,0.09762470308788598,325.45135300000004
