,Model,num_correct,num_correct_percent,num_incorrect,num_incorrect_percent,training_time
0,Model_11_S24_R13_2020-04-06_11-35-52,720,0.057007125890736345,11910,0.9429928741092637,183.62354169999998
