,Model,num_correct,num_correct_percent,num_incorrect,num_incorrect_percent,training_time
0,Model_50_S29_R5_2020-04-08_07-01-40,11673,0.9242280285035629,957,0.07577197149643705,436.05149339999997
