,Model,num_correct,num_correct_percent,num_incorrect,num_incorrect_percent,training_time
0,Model_24_S1_R20_2020-04-07_03-57-17,11480,0.9089469517022961,1150,0.09105304829770387,409.83132889999996
