,Model,num_correct,num_correct_percent,num_incorrect,num_incorrect_percent,training_time
0,Model_11_S21_R28_2020-04-08_23-46-25,11387,0.9015835312747427,1243,0.09841646872525732,308.15827490000004
