,Model,num_correct,num_correct_percent,num_incorrect,num_incorrect_percent,training_time
0,Model_11_S12_R19_2020-04-07_10-16-07,8199,0.6491686460807601,4431,0.3508313539192399,184.21204310000002
