,Model,num_correct,num_correct_percent,num_incorrect,num_incorrect_percent,training_time
0,Model_50_S15_R2_2020-04-07_20-34-14,11327,0.8968329374505146,1303,0.10316706254948535,463.83046909999996
