,Model,num_correct,num_correct_percent,num_incorrect,num_incorrect_percent,training_time
0,Model_50_S13_R1_2020-04-07_16-26-28,11330,0.897070467141726,1300,0.10292953285827396,467.60748190000004
