,Model,num_correct,num_correct_percent,num_incorrect,num_incorrect_percent,training_time
0,Model_11_S13_R15_2020-04-06_18-26-02,10759,0.8518606492478227,1871,0.14813935075217735,366.89255510000004
