,Model,num_correct,num_correct_percent,num_incorrect,num_incorrect_percent,training_time
0,Model_50_S11_R3_2020-04-07_23-21-25,11320,0.8962787015043547,1310,0.10372129849564529,351.59038979999997
