,Model,num_correct,num_correct_percent,num_incorrect,num_incorrect_percent,training_time
0,Model_11_S6_R1_2020-04-04_11-56-26,11471,0.9082343626286619,1159,0.09176563737133808,454.74301499999996
