,Model,num_correct,num_correct_percent,num_incorrect,num_incorrect_percent,training_time
0,Model_50_S23_R1_2020-04-07_17-33-44,11404,0.9029295328582739,1226,0.09707046714172606,286.69749640000003
