,Model,num_correct,num_correct_percent,num_incorrect,num_incorrect_percent,training_time
0,Model_11_S21_R8_2020-04-05_15-54-12,11540,0.9136975455265242,1090,0.08630245447347586,489.85356490000004
