,Model,num_correct,num_correct_percent,num_incorrect,num_incorrect_percent,training_time
0,Model_11_S20_R19_2020-04-07_11-11-03,11295,0.8942992874109263,1335,0.10570071258907364,508.82673700000004
