,Model,num_correct,num_correct_percent,num_incorrect,num_incorrect_percent,training_time
0,Model_50_S3_R19_2020-04-08_23-11-50,11407,0.9031670625494853,1223,0.09683293745051465,557.0923693000001
