,Model,num_correct,num_correct_percent,num_incorrect,num_incorrect_percent,training_time
0,Model_11_S14_R12_2020-04-06_06-33-46,11141,0.8821060965954077,1489,0.11789390340459224,359.70272320000004
