,Model,num_correct,num_correct_percent,num_incorrect,num_incorrect_percent,training_time
0,Model_50_S3_R5_2020-04-08_04-20-02,11582,0.9170229612034838,1048,0.08297703879651623,420.74116219999996
