,Model,num_correct,num_correct_percent,num_incorrect,num_incorrect_percent,training_time
0,Model_50_S17_R18_2020-04-08_21-00-39,11300,0.894695170229612,1330,0.10530482977038796,505.07550849999996
