,Model,num_correct,num_correct_percent,num_incorrect,num_incorrect_percent,training_time
0,Model_50_S24_R4_2020-04-08_03-29-57,11533,0.9131433095803642,1097,0.08685669041963578,229.15687200000002
