,Model,num_correct,num_correct_percent,num_incorrect,num_incorrect_percent,training_time
0,Model_23_S1_R16_2020-04-07_00-31-07,11409,0.9033254156769597,1221,0.09667458432304038,429.48383229999996
