,Model,num_correct,num_correct_percent,num_incorrect,num_incorrect_percent,training_time
0,Model_11_S24_R14_2020-04-06_15-36-29,2094,0.1657957244655582,10536,0.8342042755344418,155.16570969999998
