,Model,num_correct,num_correct_percent,num_incorrect,num_incorrect_percent,training_time
0,Model_11_S25_R9_2020-04-05_20-21-06,11157,0.8833729216152019,1473,0.1166270783847981,426.82015279999996
