,Model,num_correct,num_correct_percent,num_incorrect,num_incorrect_percent,training_time
0,Model_11_S17_R28_2020-04-08_23-24-17,11460,0.9073634204275535,1170,0.09263657957244656,175.65572600000002
