,Model,num_correct,num_correct_percent,num_incorrect,num_incorrect_percent,training_time
0,Model_54_S1_R16_2020-04-09_13-52-31,11088,0.8779097387173397,1542,0.12209026128266033,404.30454480000003
