,Model,num_correct,num_correct_percent,num_incorrect,num_incorrect_percent,training_time
0,Model_50_S4_R2_2020-04-06_15-55-38,11184,0.8855106888361045,1446,0.11448931116389549,422.76377049999996
