,Model,num_correct,num_correct_percent,num_incorrect,num_incorrect_percent,training_time
0,Model_25_S1_R4_2020-04-06_14-32-43,10941,0.866270783847981,1689,0.133729216152019,452.41392920000004
