,Model,num_correct,num_correct_percent,num_incorrect,num_incorrect_percent,training_time
0,Model_11_S12_R21_2020-04-07_18-15-56,9254,0.7326999208234363,3376,0.26730007917656373,166.93774729999998
