,Model,num_correct,num_correct_percent,num_incorrect,num_incorrect_percent,training_time
0,Model_12_S3_R15_2020-04-06_20-24-25,11424,0.9045130641330166,1206,0.09548693586698337,358.76013919999997
