,Model,num_correct,num_correct_percent,num_incorrect,num_incorrect_percent,training_time
0,Model_51_S1_R1_2020-04-09_09-42-29,11271,0.8923990498812352,1359,0.10760095011876485,255.97237370000002
