,Model,num_correct,num_correct_percent,num_incorrect,num_incorrect_percent,training_time
0,Model_11_S26_R28_2020-04-09_00-12-49,11462,0.9075217735550277,1168,0.09247822644497229,479.93153409999996
