,Model,num_correct,num_correct_percent,num_incorrect,num_incorrect_percent,training_time
0,Model_50_S25_R1_2020-04-06_15-03-30,11445,0.9061757719714965,1185,0.09382422802850356,256.06358800000004
