,Model,num_correct,num_correct_percent,num_incorrect,num_incorrect_percent,training_time
0,Model_50_S1_R0_2020-04-06_09-32-08,11410,0.9034045922406968,1220,0.09659540775930324,421.85877270000003
