,Model,num_correct,num_correct_percent,num_incorrect,num_incorrect_percent,training_time
0,Model_50_S19_R7_2020-04-08_12-37-26,11550,0.9144893111638955,1080,0.0855106888361045,378.77564939999996
