,Model,num_correct,num_correct_percent,num_incorrect,num_incorrect_percent,training_time
0,Model_11_S20_R6_2020-04-05_08-03-51,11307,0.895249406175772,1323,0.10475059382422802,311.87764319999997
