,Model,num_correct,num_correct_percent,num_incorrect,num_incorrect_percent,training_time
0,Model_50_S2_R3_2020-04-06_18-46-19,11289,0.8938242280285036,1341,0.10617577197149644,433.73890769999997
