,Model,num_correct,num_correct_percent,num_incorrect,num_incorrect_percent,training_time
0,Model_50_S21_R1_2020-04-07_17-21-59,11229,0.8890736342042755,1401,0.11092636579572447,230.42956650000002
