,Model,num_correct,num_correct_percent,num_incorrect,num_incorrect_percent,training_time
0,Model_50_S19_R4_2020-04-08_03-02-11,11487,0.9095011876484561,1143,0.09049881235154394,227.81284889999998
