,Model,num_correct,num_correct_percent,num_incorrect,num_incorrect_percent,training_time
0,Model_25_S1_R18_2020-04-07_02-26-44,11023,0.872763262074426,1607,0.12723673792557402,420.03524769999996
