,Model,num_correct,num_correct_percent,num_incorrect,num_incorrect_percent,training_time
0,Model_50_S16_R18_2020-04-08_20-54-11,11348,0.8984956452889945,1282,0.10150435471100554,379.02197620000004
