,Model,num_correct,num_correct_percent,num_incorrect,num_incorrect_percent,training_time
0,Model_12_S1_R5_2020-04-05_05-16-51,10915,0.8642121931908155,1715,0.13578780680918448,669.5001027999999
