,Model,num_correct,num_correct_percent,num_incorrect,num_incorrect_percent,training_time
0,Model_11_S30_R29_2020-04-09_04-47-16,750,0.05938242280285035,11880,0.9406175771971497,223.01498980000002
