,Model,num_correct,num_correct_percent,num_incorrect,num_incorrect_percent,training_time
0,Model_23_S1_R12_2020-04-06_21-30-45,11474,0.9084718923198734,1156,0.09152810768012669,296.19391299999995
