,Model,num_correct,num_correct_percent,num_incorrect,num_incorrect_percent,training_time
0,Model_11_S18_R27_2020-04-08_19-28-06,3611,0.28590657165479016,9019,0.7140934283452098,183.20019140000002
