,Model,num_correct,num_correct_percent,num_incorrect,num_incorrect_percent,training_time
0,Model_50_S21_R9_2020-04-08_19-19-23,11295,0.8942992874109263,1335,0.10570071258907364,429.49403670000004
