,Model,num_correct,num_correct_percent,num_incorrect,num_incorrect_percent,training_time
0,Model_27_S1_R9_2020-04-06_19-25-26,660,0.052256532066508314,11970,0.9477434679334917,207.03231340000002
