,Model,num_correct,num_correct_percent,num_incorrect,num_incorrect_percent,training_time
0,Model_51_S1_R23_2020-04-09_12-12-56,11381,0.9011084718923199,1249,0.09889152810768012,373.92381009999997
