,Model,num_correct,num_correct_percent,num_incorrect,num_incorrect_percent,training_time
0,Model_50_S2_R0_2020-04-06_09-39-18,11539,0.913618368962787,1091,0.08638163103721298,349.96593260000003
