,Model,num_correct,num_correct_percent,num_incorrect,num_incorrect_percent,training_time
0,Model_11_S30_R10_2020-04-06_01-02-23,1080,0.0855106888361045,11550,0.9144893111638955,151.21332370000002
