,Model,num_correct,num_correct_percent,num_incorrect,num_incorrect_percent,training_time
0,Model_11_S3_R26_2020-04-08_13-38-17,10606,0.8397466349960412,2024,0.16025336500395884,475.82080310000003
