,Model,num_correct,num_correct_percent,num_incorrect,num_incorrect_percent,training_time
0,Model_11_S11_R3_2020-04-04_19-55-38,11140,0.8820269200316706,1490,0.11797307996832937,453.37862770000004
