,Model,num_correct,num_correct_percent,num_incorrect,num_incorrect_percent,training_time
0,Model_50_S3_R9_2020-04-08_17-25-02,11456,0.907046714172605,1174,0.0929532858273951,254.00009110000002
