,Model,num_correct,num_correct_percent,num_incorrect,num_incorrect_percent,training_time
0,Model_11_S21_R12_2020-04-06_07-09-24,11515,0.9117181314330958,1115,0.08828186856690419,565.4804819999999
