,Model,num_correct,num_correct_percent,num_incorrect,num_incorrect_percent,training_time
0,Model_11_S24_R23_2020-04-08_03-39-36,630,0.0498812351543943,12000,0.9501187648456056,204.34583909999998
