,Model,num_correct,num_correct_percent,num_incorrect,num_incorrect_percent,training_time
0,Model_11_S22_R3_2020-04-04_21-02-19,11571,0.9161520190023753,1059,0.08384798099762471,282.04352670000003
