,Model,num_correct,num_correct_percent,num_incorrect,num_incorrect_percent,training_time
0,Model_50_S20_R5_2020-04-07_02-20-27,11566,0.9157561361836897,1064,0.08424386381631037,433.06071330000003
