,Model,num_correct,num_correct_percent,num_incorrect,num_incorrect_percent,training_time
0,Model_12_S4_R13_2020-04-06_12-40-35,11419,0.9041171813143309,1211,0.09588281868566904,265.83927620000003
