,Model,num_correct,num_correct_percent,num_incorrect,num_incorrect_percent,training_time
0,Model_50_S30_R5_2020-04-08_07-09-05,11526,0.9125890736342043,1104,0.08741092636579573,437.18096879999996
