,Model,num_correct,num_correct_percent,num_incorrect,num_incorrect_percent,training_time
0,Model_11_S4_R2_2020-04-04_15-23-29,10878,0.8612826603325415,1752,0.13871733966745844,438.10168749999997
