,Model,num_correct,num_correct_percent,num_incorrect,num_incorrect_percent,training_time
0,Model_50_S24_R9_2020-04-08_19-39-19,11381,0.9011084718923199,1249,0.09889152810768012,300.14200259999996
