,Model,num_correct,num_correct_percent,num_incorrect,num_incorrect_percent,training_time
0,Model_50_S11_R4_2020-04-06_22-31-24,11326,0.8967537608867775,1304,0.10324623911322249,356.63379530000003
