,Model,num_correct,num_correct_percent,num_incorrect,num_incorrect_percent,training_time
0,Model_12_S3_R1_2020-04-04_14-42-20,11549,0.9144101346001584,1081,0.08558986539984165,298.24136949999996
