,Model,num_correct,num_correct_percent,num_incorrect,num_incorrect_percent,training_time
0,Model_50_S18_R9_2020-04-07_14-19-37,11355,0.8990498812351544,1275,0.10095011876484561,419.94700689999996
