,Model,num_correct,num_correct_percent,num_incorrect,num_incorrect_percent,training_time
0,Model_50_S18_R4_2020-04-08_02-56-58,11542,0.9138558986539984,1088,0.08614410134600159,304.67808549999995
