,Model,num_correct,num_correct_percent,num_incorrect,num_incorrect_percent,training_time
0,Model_22_S1_R4_2020-04-06_14-11-32,11337,0.897624703087886,1293,0.10237529691211401,455.92642609999996
