,Model,num_correct,num_correct_percent,num_incorrect,num_incorrect_percent,training_time
0,Model_11_S13_R12_2020-04-13_15-14-00,10951,0.8670625494853523,1679,0.13293745051464767,537.7966339000001
