,Model,num_correct,num_correct_percent,num_incorrect,num_incorrect_percent,training_time
0,Model_50_S5_R19_2020-04-08_23-27-33,11307,0.895249406175772,1323,0.10475059382422802,683.6704404999999
