,Model,num_correct,num_correct_percent,num_incorrect,num_incorrect_percent,training_time
0,Model_21_S1_R15_2020-04-06_23-32-10,11421,0.9042755344418052,1209,0.09572446555819478,274.79386789999995
