,Model,num_correct,num_correct_percent,num_incorrect,num_incorrect_percent,training_time
0,Model_26_S1_R12_2020-04-06_21-48-24,11451,0.9066508313539192,1179,0.09334916864608075,394.69682090000003
