,Model,num_correct,num_correct_percent,num_incorrect,num_incorrect_percent,training_time
0,Model_21_S1_R22_2020-04-07_05-17-50,11380,0.9010292953285828,1250,0.09897070467141726,230.23772110000002
