,Model,num_correct,num_correct_percent,num_incorrect,num_incorrect_percent,training_time
0,Model_50_S5_R3_2020-04-06_19-06-36,11560,0.9152810768012668,1070,0.08471892319873317,447.19672369999995
