,Model,num_correct,num_correct_percent,num_incorrect,num_incorrect_percent,training_time
0,Model_50_S15_R8_2020-04-07_10-39-13,11618,0.9198733174980206,1012,0.08012668250197942,447.63489530000004
