,Model,num_correct,num_correct_percent,num_incorrect,num_incorrect_percent,training_time
0,Model_11_S17_R10_2020-04-05_23-45-40,11569,0.915993665874901,1061,0.08400633412509897,390.61955869999997
