,Model,num_correct,num_correct_percent,num_incorrect,num_incorrect_percent,training_time
0,Model_50_S17_R1_2020-04-07_16-56-59,11426,0.9046714172604909,1204,0.0953285827395091,268.87389310000003
