,Model,num_correct,num_correct_percent,num_incorrect,num_incorrect_percent,training_time
0,Model_11_S14_R23_2020-04-08_02-38-16,11229,0.8890736342042755,1401,0.11092636579572447,421.97070460000003
