,Model,num_correct,num_correct_percent,num_incorrect,num_incorrect_percent,training_time
0,Model_50_S3_R11_2020-04-07_19-37-07,11448,0.9064133016627078,1182,0.09358669833729216,484.24183569999997
