,Model,num_correct,num_correct_percent,num_incorrect,num_incorrect_percent,training_time
0,Model_11_S16_R22_2020-04-07_22-29-27,11396,0.9022961203483769,1234,0.09770387965162312,425.70563269999997
