,Model,num_correct,num_correct_percent,num_incorrect,num_incorrect_percent,training_time
0,Model_11_S16_R21_2020-04-07_18-40-26,11478,0.9087885985748219,1152,0.09121140142517815,322.61444090000003
