,Model,num_correct,num_correct_percent,num_incorrect,num_incorrect_percent,training_time
0,Model_11_S18_R0_2020-04-04_09-29-13,1608,0.12731591448931118,11022,0.8726840855106889,150.48474960000001
