,Model,num_correct,num_correct_percent,num_incorrect,num_incorrect_percent,training_time
0,Model_50_S11_R9_2020-04-08_18-12-07,11236,0.8896278701504354,1394,0.11037212984956453,218.93550530000002
