,Model,num_correct,num_correct_percent,num_incorrect,num_incorrect_percent,training_time
0,Model_50_S3_R18_2020-04-08_19-17-00,11582,0.9170229612034838,1048,0.08297703879651623,275.96626530000003
