,Model,num_correct,num_correct_percent,num_incorrect,num_incorrect_percent,training_time
0,Model_20_S1_R21_2020-04-07_04-21-58,11582,0.9170229612034838,1048,0.08297703879651623,376.78571439999996
