,Model,num_correct,num_correct_percent,num_incorrect,num_incorrect_percent,training_time
0,Model_50_S18_R16_2020-04-08_13-53-25,11519,0.9120348376880444,1111,0.08796516231195566,473.54652830000003
