,Model,num_correct,num_correct_percent,num_incorrect,num_incorrect_percent,training_time
0,Model_11_S11_R11_2020-04-06_02-59-51,11379,0.9009501187648457,1251,0.09904988123515439,467.06993839999996
