,Model,num_correct,num_correct_percent,num_incorrect,num_incorrect_percent,training_time
0,Model_11_S14_R24_2020-04-08_06-42-58,11325,0.8966745843230404,1305,0.10332541567695962,439.93098660000004
