,Model,num_correct,num_correct_percent,num_incorrect,num_incorrect_percent,training_time
0,Model_11_S2_R12_2020-04-06_05-29-06,10503,0.8315914489311164,2127,0.1684085510688836,456.83270730000004
