,Model,num_correct,num_correct_percent,num_incorrect,num_incorrect_percent,training_time
0,Model_24_S1_R26_2020-04-07_08-42-14,11215,0.8879651623119557,1415,0.11203483768804434,463.02452619999997
