,Model,num_correct,num_correct_percent,num_incorrect,num_incorrect_percent,training_time
0,Model_11_S20_R23_2020-04-08_03-14-21,11393,0.9020585906571654,1237,0.09794140934283452,483.96419099999997
