,Model,num_correct,num_correct_percent,num_incorrect,num_incorrect_percent,training_time
0,Model_50_S12_R5_2020-04-08_05-16-32,11380,0.9010292953285828,1250,0.09897070467141726,417.31876150000005
