,Model,num_correct,num_correct_percent,num_incorrect,num_incorrect_percent,training_time
0,Model_11_S10_R12_2020-04-13_14-57-58,11326,0.8967537608867775,1304,0.10324623911322249,378.06105479999997
