,Model,num_correct,num_correct_percent,num_incorrect,num_incorrect_percent,training_time
0,Model_50_S27_R3_2020-04-06_21-11-22,11564,0.9155977830562153,1066,0.08440221694378464,376.33333980000003
