,Model,num_correct,num_correct_percent,num_incorrect,num_incorrect_percent,training_time
0,Model_12_S1_R7_2020-04-05_12-43-31,11075,0.8768804433887569,1555,0.12311955661124308,762.0056619999999
