,Model,num_correct,num_correct_percent,num_incorrect,num_incorrect_percent,training_time
0,Model_52_S1_R22_2020-04-09_11-53-21,11272,0.8924782264449723,1358,0.1075217735550277,265.10831390000004
