,Model,num_correct,num_correct_percent,num_incorrect,num_incorrect_percent,training_time
0,Model_50_S30_R0_2020-04-06_12-36-57,11624,0.9203483768804434,1006,0.0796516231195566,471.38196619999997
