,Model,num_correct,num_correct_percent,num_incorrect,num_incorrect_percent,training_time
0,Model_50_S12_R0_2020-04-07_12-59-58,11446,0.9062549485352336,1184,0.09374505146476643,280.25218720000004
