,Model,num_correct,num_correct_percent,num_incorrect,num_incorrect_percent,training_time
0,Model_11_S18_R13_2020-04-06_11-01-54,4480,0.35471100554235946,8150,0.6452889944576405,154.38412069999998
