,Model,num_correct,num_correct_percent,num_incorrect,num_incorrect_percent,training_time
0,Model_11_S18_R19_2020-04-07_10-59-02,4123,0.3264449722882027,8507,0.6735550277117973,196.82761490000001
