,Model,num_correct,num_correct_percent,num_incorrect,num_incorrect_percent,training_time
0,Model_11_S20_R28_2020-04-08_23-38-13,11469,0.9080760095011876,1161,0.09192399049881235,482.33940060000003
