,Model,num_correct,num_correct_percent,num_incorrect,num_incorrect_percent,training_time
0,Model_11_S21_R3_2020-04-04_20-57-55,11443,0.9060174188440222,1187,0.09398258115597784,255.87908090000002
