,Model,num_correct,num_correct_percent,num_incorrect,num_incorrect_percent,training_time
0,Model_24_S1_R15_2020-04-06_23-50-13,11196,0.8864608076009501,1434,0.11353919239904989,348.77922479999995
