,Model,num_correct,num_correct_percent,num_incorrect,num_incorrect_percent,training_time
0,Model_50_S25_R4_2020-04-08_03-33-54,11606,0.918923198733175,1024,0.08107680126682502,456.44643690000004
