,Model,num_correct,num_correct_percent,num_incorrect,num_incorrect_percent,training_time
0,Model_12_S3_R21_2020-04-07_20-25-28,11478,0.9087885985748219,1152,0.09121140142517815,325.30713760000003
