,Model,num_correct,num_correct_percent,num_incorrect,num_incorrect_percent,training_time
0,Model_11_S11_R1_2020-04-04_12-32-56,11507,0.9110847189231988,1123,0.08891528107680127,328.78240370000003
