,Model,num_correct,num_correct_percent,num_incorrect,num_incorrect_percent,training_time
0,Model_11_S9_R27_2020-04-08_18-22-42,11132,0.8813935075217736,1498,0.11860649247822644,511.05041459999995
