,Model,num_correct,num_correct_percent,num_incorrect,num_incorrect_percent,training_time
0,Model_50_S27_R2_2020-04-07_21-56-23,11372,0.9003958828186857,1258,0.09960411718131433,311.66790829999997
