,Model,num_correct,num_correct_percent,num_incorrect,num_incorrect_percent,training_time
0,Model_11_S3_R24_2020-04-08_05-21-44,10687,0.846159936658749,1943,0.153840063341251,451.49308629999996
