,Model,num_correct,num_correct_percent,num_incorrect,num_incorrect_percent,training_time
0,Model_0_S1_R26_2020-04-08_13-18-06,11399,0.9025336500395883,1231,0.09746634996041172,236.37848870000002
