,Model,num_correct,num_correct_percent,num_incorrect,num_incorrect_percent,training_time
0,Model_11_S27_R16_2020-04-06_23-40-56,11354,0.8989707046714173,1276,0.10102929532858274,454.06290029999997
