,Model,num_correct,num_correct_percent,num_incorrect,num_incorrect_percent,training_time
0,Model_50_S29_R14_2020-04-08_07-56-39,11689,0.9254948535233571,941,0.07450514647664291,460.43977409999997
