,Model,num_correct,num_correct_percent,num_incorrect,num_incorrect_percent,training_time
0,Model_50_S13_R16_2020-04-08_13-13-36,11606,0.918923198733175,1024,0.08107680126682502,439.94208430000003
