,Model,num_correct,num_correct_percent,num_incorrect,num_incorrect_percent,training_time
0,Model_50_S28_R7_2020-04-07_08-58-09,11458,0.9072050673000792,1172,0.09279493269992083,202.44427370000002
