,Model,num_correct,num_correct_percent,num_incorrect,num_incorrect_percent,training_time
0,Model_12_S4_R0_2020-04-04_11-05-49,11324,0.8965954077593032,1306,0.10340459224069676,202.30311780000002
