,Model,num_correct,num_correct_percent,num_incorrect,num_incorrect_percent,training_time
0,Model_50_S1_R7_2020-04-08_10-31-38,11489,0.9096595407759304,1141,0.09034045922406968,477.12897810000004
