,Model,num_correct,num_correct_percent,num_incorrect,num_incorrect_percent,training_time
0,Model_11_S27_R23_2020-04-08_03-59-23,11630,0.9208234362628662,1000,0.0791765637371338,479.64168870000003
