,Model,num_correct,num_correct_percent,num_incorrect,num_incorrect_percent,training_time
0,Model_50_S20_R11_2020-04-07_21-30-39,11510,0.9113222486144101,1120,0.08867775138558986,372.50305610000004
