,Model,num_correct,num_correct_percent,num_incorrect,num_incorrect_percent,training_time
0,Model_27_S1_R13_2020-04-06_22-37-01,720,0.057007125890736345,11910,0.9429928741092637,269.37144609999996
