,Model,num_correct,num_correct_percent,num_incorrect,num_incorrect_percent,training_time
0,Model_11_S15_R6_2020-04-05_07-30-09,11424,0.9045130641330166,1206,0.09548693586698337,457.28906839999996
