,Model,num_correct,num_correct_percent,num_incorrect,num_incorrect_percent,training_time
0,Model_20_S1_R4_2020-04-06_13-58-02,11410,0.9034045922406968,1220,0.09659540775930324,366.62384860000003
