,Model,num_correct,num_correct_percent,num_incorrect,num_incorrect_percent,training_time
0,Model_11_S21_R19_2020-04-07_11-19-42,11335,0.8974663499604117,1295,0.10253365003958828,392.85971240000003
