,Model,num_correct,num_correct_percent,num_incorrect,num_incorrect_percent,training_time
0,Model_50_S24_R3_2020-04-06_20-56-53,11493,0.9099762470308789,1137,0.09002375296912114,189.99685989999998
