,Model,num_correct,num_correct_percent,num_incorrect,num_incorrect_percent,training_time
0,Model_11_S24_R9_2020-04-05_20-17-49,1032,0.0817102137767221,11598,0.918289786223278,177.66660579999999
