,Model,num_correct,num_correct_percent,num_incorrect,num_incorrect_percent,training_time
0,Model_25_S1_R28_2020-04-07_10-27-17,11233,0.889390340459224,1397,0.11060965954077594,469.35609869999996
