,Model,num_correct,num_correct_percent,num_incorrect,num_incorrect_percent,training_time
0,Model_23_S1_R18_2020-04-07_02-13-31,11380,0.9010292953285828,1250,0.09897070467141726,427.88050649999997
