,Model,num_correct,num_correct_percent,num_incorrect,num_incorrect_percent,training_time
0,Model_50_S14_R0_2020-04-06_10-55-35,11405,0.9030087094220111,1225,0.09699129057798891,467.23464789999997
