,Model,num_correct,num_correct_percent,num_incorrect,num_incorrect_percent,training_time
0,Model_11_S15_R8_2020-04-05_15-12-05,11351,0.8987331749802059,1279,0.10126682501979414,479.06501729999997
