,Model,num_correct,num_correct_percent,num_incorrect,num_incorrect_percent,training_time
0,Model_11_S2_R29_2020-04-09_01-41-44,10558,0.8359461599366588,2072,0.16405384006334126,516.1388780999999
