,Model,num_correct,num_correct_percent,num_incorrect,num_incorrect_percent,training_time
0,Model_11_S5_R11_2020-04-06_02-15-41,11028,0.8731591448931116,1602,0.12684085510688836,326.49073200000004
