,Model,num_correct,num_correct_percent,num_incorrect,num_incorrect_percent,training_time
0,Model_11_S30_R5_2020-04-05_05-13-19,750,0.05938242280285035,11880,0.9406175771971497,203.20082159999998
