,Model,num_correct,num_correct_percent,num_incorrect,num_incorrect_percent,training_time
0,Model_52_S1_R0_2020-04-09_09-23-57,11361,0.8995249406175772,1269,0.10047505938242281,307.42401060000003
