,Model,num_correct,num_correct_percent,num_incorrect,num_incorrect_percent,training_time
0,Model_11_S28_R8_2020-04-05_16-39-18,11476,0.9086302454473476,1154,0.09136975455265242,396.46915010000004
