,Model,num_correct,num_correct_percent,num_incorrect,num_incorrect_percent,training_time
0,Model_11_S10_R9_2020-04-05_18-48-27,11422,0.9043547110055423,1208,0.09564528899445764,426.03707030000004
