,Model,num_correct,num_correct_percent,num_incorrect,num_incorrect_percent,training_time
0,Model_50_S23_R0_2020-04-07_14-10-49,11439,0.9057007125890736,1191,0.09429928741092637,305.24205789999996
