,Model,num_correct,num_correct_percent,num_incorrect,num_incorrect_percent,training_time
0,Model_50_S24_R12_2020-04-08_01-08-33,11534,0.9132224861441014,1096,0.08677751385589866,338.81115389999997
