,Model,num_correct,num_correct_percent,num_incorrect,num_incorrect_percent,training_time
0,Model_50_S30_R8_2020-04-08_17-04-29,11459,0.9072842438638163,1171,0.09271575613618369,374.88894389999996
