,Model,num_correct,num_correct_percent,num_incorrect,num_incorrect_percent,training_time
0,Model_50_S30_R18_2020-04-08_22-38-30,11645,0.9220110847189232,985,0.0779889152810768,709.0205351000001
