,Model,num_correct,num_correct_percent,num_incorrect,num_incorrect_percent,training_time
0,Model_23_S1_R22_2020-04-07_05-28-29,11419,0.9041171813143309,1211,0.09588281868566904,358.06489250000004
