,Model,num_correct,num_correct_percent,num_incorrect,num_incorrect_percent,training_time
0,Model_11_S27_R25_2020-04-08_12-21-11,11394,0.9021377672209027,1236,0.09786223277909739,477.48539500000004
