,Model,num_correct,num_correct_percent,num_incorrect,num_incorrect_percent,training_time
0,Model_12_S1_R29_2020-04-09_04-51-07,10801,0.8551860649247822,1829,0.14481393507521773,671.0185812999999
