,Model,num_correct,num_correct_percent,num_incorrect,num_incorrect_percent,training_time
0,Model_12_S2_R20_2020-04-07_16-19-46,11312,0.8956452889944576,1318,0.10435471100554236,460.02391750000004
