,Model,num_correct,num_correct_percent,num_incorrect,num_incorrect_percent,training_time
0,Model_53_S1_R10_2020-04-09_11-02-50,11551,0.9145684877276327,1079,0.08543151227236738,494.76378550000004
