,Model,num_correct,num_correct_percent,num_incorrect,num_incorrect_percent,training_time
0,Model_11_S29_R1_2020-04-04_14-12-22,10576,0.8373713380839272,2054,0.16262866191607284,176.95313810000002
