,Model,num_correct,num_correct_percent,num_incorrect,num_incorrect_percent,training_time
0,Model_50_S24_R10_2020-04-07_18-34-29,11502,0.910688836104513,1128,0.08931116389548693,500.88472590000003
