,Model,num_correct,num_correct_percent,num_incorrect,num_incorrect_percent,training_time
0,Model_50_S28_R6_2020-04-07_06-06-06,11641,0.9216943784639746,989,0.07830562153602534,401.85197420000003
