,Model,num_correct,num_correct_percent,num_incorrect,num_incorrect_percent,training_time
0,Model_11_S27_R4_2020-04-05_01-13-53,11257,0.8912905779889153,1373,0.10870942201108472,239.24264910000002
