,Model,num_correct,num_correct_percent,num_incorrect,num_incorrect_percent,training_time
0,Model_50_S19_R3_2020-04-08_00-07-15,11432,0.9051464766429137,1198,0.0948535233570863,229.68646629999998
