,Model,num_correct,num_correct_percent,num_incorrect,num_incorrect_percent,training_time
0,Model_50_S28_R9_2020-04-07_15-33-12,11587,0.9174188440221694,1043,0.08258115597783056,483.55242480000004
