,Model,num_correct,num_correct_percent,num_incorrect,num_incorrect_percent,training_time
0,Model_11_S29_R11_2020-04-06_04-38-02,10619,0.8407759303246239,2011,0.15922406967537608,204.80446640000002
