,Model,num_correct,num_correct_percent,num_incorrect,num_incorrect_percent,training_time
0,Model_50_S20_R19_2020-04-09_01-11-12,11475,0.9085510688836105,1155,0.09144893111638955,309.31244680000003
