,Model,num_correct,num_correct_percent,num_incorrect,num_incorrect_percent,training_time
0,Model_11_S21_R6_2020-04-05_08-09-11,11555,0.9148851939825812,1075,0.08511480601741885,456.42109020000004
