,Model,num_correct,num_correct_percent,num_incorrect,num_incorrect_percent,training_time
0,Model_20_S1_R27_2020-04-07_09-06-34,11537,0.9134600158353128,1093,0.08653998416468725,544.8030163999999
