,Model,num_correct,num_correct_percent,num_incorrect,num_incorrect_percent,training_time
0,Model_11_S9_R3_2020-04-04_19-43-06,11241,0.8900237529691212,1389,0.10997624703087885,460.37484689999997
