,Model,num_correct,num_correct_percent,num_incorrect,num_incorrect_percent,training_time
0,Model_12_S2_R28_2020-04-09_00-54-24,11493,0.9099762470308789,1137,0.09002375296912114,777.0413395999999
