,Model,num_correct,num_correct_percent,num_incorrect,num_incorrect_percent,training_time
0,Model_50_S29_R7_2020-04-08_13-39-33,11440,0.9057798891528107,1190,0.09422011084718923,298.67301139999995
