,Model,num_correct,num_correct_percent,num_incorrect,num_incorrect_percent,training_time
0,Model_50_S20_R4_2020-04-06_23-25-05,11547,0.914251781472684,1083,0.08574821852731591,396.39409270000004
