,Model,num_correct,num_correct_percent,num_incorrect,num_incorrect_percent,training_time
0,Model_50_S3_R7_2020-04-07_06-39-40,11383,0.9012668250197942,1247,0.09873317498020585,223.90260830000003
