,Model,num_correct,num_correct_percent,num_incorrect,num_incorrect_percent,training_time
0,Model_11_S22_R19_2020-04-07_11-26-24,11518,0.9119556611243073,1112,0.0880443388756928,299.84562040000003
