,Model,num_correct,num_correct_percent,num_incorrect,num_incorrect_percent,training_time
0,Model_11_S22_R15_2020-04-06_19-19-29,11354,0.8989707046714173,1276,0.10102929532858274,246.54735630000002
