,Model,num_correct,num_correct_percent,num_incorrect,num_incorrect_percent,training_time
0,Model_50_S22_R18_2020-04-08_21-38-59,11464,0.907680126682502,1166,0.09231987331749802,446.08990589999996
