,Model,num_correct,num_correct_percent,num_incorrect,num_incorrect_percent,training_time
0,Model_11_S9_R8_2020-04-05_14-30-24,11204,0.8870942201108472,1426,0.1129057798891528,383.53556710000004
