,Model,num_correct,num_correct_percent,num_incorrect,num_incorrect_percent,training_time
0,Model_50_S12_R6_2020-04-07_04-35-01,11472,0.9083135391923991,1158,0.09168646080760096,292.34830900000003
