,Model,num_correct,num_correct_percent,num_incorrect,num_incorrect_percent,training_time
0,Model_50_S11_R9_2020-04-07_13-37-33,11407,0.9031670625494853,1223,0.09683293745051465,418.89063649999997
