,Model,num_correct,num_correct_percent,num_incorrect,num_incorrect_percent,training_time
0,Model_50_S19_R0_2020-04-06_11-28-19,11492,0.9098970704671417,1138,0.09010292953285827,354.33903480000004
