,Model,num_correct,num_correct_percent,num_incorrect,num_incorrect_percent,training_time
0,Model_26_S1_R17_2020-04-07_01-43-10,11453,0.9068091844813935,1177,0.09319081551860649,360.59578059999996
