,Model,num_correct,num_correct_percent,num_incorrect,num_incorrect_percent,training_time
0,Model_26_S1_R22_2020-04-07_05-46-56,11459,0.9072842438638163,1171,0.09271575613618369,244.93703290000002
