,Model,num_correct,num_correct_percent,num_incorrect,num_incorrect_percent,training_time
0,Model_53_S1_R18_2020-04-09_14-35-58,11655,0.9228028503562945,975,0.07719714964370546,473.22605300000004
